rule,family,seed,n_bought,precision,recall,n_fake_bought,holdout_bought,holdout_rejected
bh_0.1,bh,0,1,1.0,0.2,0,1.383110147252135,0.09994320506796334
bh_0.2,bh,0,4,0.75,0.6,1,1.0686855018129662,0.00025850334504641753
bh_0.4,bh,0,6,0.5,0.6,3,0.5471608535321717,0.04160408220958506
fixed_0.01,fixed,0,2,0.5,0.2,1,1.1150852011371506,0.07326045328388467
fixed_0.025,fixed,0,4,0.75,0.6,1,1.0686855018129662,0.00025850334504641753
fixed_0.05,fixed,0,4,0.75,0.6,1,1.0686855018129662,0.00025850334504641753
fixed_0.1,fixed,0,6,0.5,0.6,3,0.5471608535321717,0.04160408220958506
topk_2,topk,0,2,0.5,0.2,1,1.1150852011371506,0.07326045328388467
topk_3,topk,0,3,0.6666666666666666,0.4,1,1.5025333871928936,-0.008375446939096627
topk_5,topk,0,5,0.6,0.6,2,0.6570594287459082,0.03984663801974124
fixed_be_0.05,fixed_be,0,2,0.5,0.2,1,1.1150852011371506,0.07326045328388467
fixed_be_0.1,fixed_be,0,4,0.25,0.2,3,0.30959837905386667,0.1170411376156771
bh_0.1,bh,1,2,1.0,0.4,0,1.527849035311338,0.10932035798821385
bh_0.2,bh,1,3,1.0,0.6,0,0.7079704289095611,0.14787988176162892
bh_0.4,bh,1,7,0.5714285714285714,0.8,3,0.67213690702082,0.06137868457160543
fixed_0.01,fixed,1,2,1.0,0.4,0,1.527849035311338,0.10932035798821385
fixed_0.025,fixed,1,3,1.0,0.6,0,0.7079704289095611,0.14787988176162892
fixed_0.05,fixed,1,4,0.75,0.6,1,0.5660152548490945,0.14817719518831868
fixed_0.1,fixed,1,7,0.5714285714285714,0.8,3,0.67213690702082,0.06137868457160543
topk_2,topk,1,2,1.0,0.4,0,1.527849035311338,0.10932035798821385
topk_3,topk,1,3,1.0,0.6,0,0.7079704289095611,0.14787988176162892
topk_5,topk,1,5,0.6,0.6,2,0.8044407773210537,0.08377856830749582
fixed_be_0.05,fixed_be,1,2,1.0,0.4,0,1.527849035311338,0.10932035798821385
fixed_be_0.1,fixed_be,1,3,1.0,0.6,0,0.9743985126231949,0.11827676134900296
bh_0.1,bh,2,1,1.0,0.2,0,2.8314379006253394,0.03654858522585412
bh_0.2,bh,2,3,0.6666666666666666,0.4,1,1.5422492151816565,-0.02723706568036524
bh_0.4,bh,2,4,0.5,0.4,2,1.4273074402456214,-0.06991857264643762
fixed_0.01,fixed,2,1,1.0,0.2,0,2.8314379006253394,0.03654858522585412
fixed_0.025,fixed,2,3,0.6666666666666666,0.4,1,1.5422492151816565,-0.02723706568036524
fixed_0.05,fixed,2,4,0.5,0.4,2,1.4273074402456214,-0.06991857264643762
fixed_0.1,fixed,2,6,0.5,0.6,3,0.7820023376821168,-0.03336113141323308
topk_2,topk,2,2,1.0,0.4,0,2.7909261194834976,-0.060375191671138854
topk_3,topk,2,3,0.6666666666666666,0.4,1,1.5422492151816565,-0.02723706568036524
topk_5,topk,2,5,0.4,0.4,3,1.124071647577511,-0.06916045462849786
fixed_be_0.05,fixed_be,2,2,1.0,0.4,0,2.7909261194834976,-0.060375191671138854
fixed_be_0.1,fixed_be,2,2,1.0,0.4,0,2.7909261194834976,-0.060375191671138854
bh_0.1,bh,3,1,1.0,0.2,0,0.18453022091932897,0.1569230954989293
bh_0.2,bh,3,1,1.0,0.2,0,0.18453022091932897,0.1569230954989293
bh_0.4,bh,3,2,0.5,0.2,1,-0.8255285620859167,0.22808418266286115
fixed_0.01,fixed,3,1,1.0,0.2,0,0.18453022091932897,0.1569230954989293
fixed_0.025,fixed,3,2,0.5,0.2,1,-0.8255285620859167,0.22808418266286115
fixed_0.05,fixed,3,2,0.5,0.2,1,-0.8255285620859167,0.22808418266286115
fixed_0.1,fixed,3,3,0.6666666666666666,0.4,1,-0.2731704210101595,0.20573375012662062
topk_2,topk,3,2,0.5,0.2,1,-0.8255285620859167,0.22808418266286115
topk_3,topk,3,3,0.6666666666666666,0.4,1,-0.2731704210101595,0.20573375012662062
topk_5,topk,3,5,0.4,0.4,3,-0.12359720877904809,0.21413144137134077
fixed_be_0.05,fixed_be,3,2,0.5,0.2,1,-0.8255285620859167,0.22808418266286115
fixed_be_0.1,fixed_be,3,2,0.5,0.2,1,-0.8255285620859167,0.22808418266286115
bh_0.1,bh,4,1,1.0,0.2,0,-0.10078438753550319,0.18808364826107607
bh_0.2,bh,4,4,0.5,0.4,2,0.7978480431455548,0.0831634322866725
bh_0.4,bh,4,4,0.5,0.4,2,0.7978480431455548,0.0831634322866725
fixed_0.01,fixed,4,2,0.5,0.2,1,0.336869065708415,0.16713940287924553
fixed_0.025,fixed,4,4,0.5,0.4,2,0.7978480431455548,0.0831634322866725
fixed_0.05,fixed,4,4,0.5,0.4,2,0.7978480431455548,0.0831634322866725
fixed_0.1,fixed,4,6,0.6666666666666666,0.8,2,1.264719822272047,-0.09311156339985742
topk_2,topk,4,2,0.5,0.2,1,0.336869065708415,0.16713940287924553
topk_3,topk,4,3,0.3333333333333333,0.2,2,0.3775756164585264,0.15633016898741203
topk_5,topk,4,5,0.6,0.6,2,0.8812284919730852,0.03789995808681116
fixed_be_0.05,fixed_be,4,2,1.0,0.4,0,0.9789404678355684,0.12127715987016316
fixed_be_0.1,fixed_be,4,3,1.0,0.6,0,1.7133524698126645,0.007910518614730001
bh_0.1,bh,5,3,0.6666666666666666,0.4,1,1.5045720488776932,-0.2743901112984928
bh_0.2,bh,5,3,0.6666666666666666,0.4,1,1.5045720488776932,-0.2743901112984928
bh_0.4,bh,5,3,0.6666666666666666,0.4,1,1.5045720488776932,-0.2743901112984928
fixed_0.01,fixed,5,3,0.6666666666666666,0.4,1,1.5045720488776932,-0.2743901112984928
fixed_0.025,fixed,5,3,0.6666666666666666,0.4,1,1.5045720488776932,-0.2743901112984928
fixed_0.05,fixed,5,3,0.6666666666666666,0.4,1,1.5045720488776932,-0.2743901112984928
fixed_0.1,fixed,5,3,0.6666666666666666,0.4,1,1.5045720488776932,-0.2743901112984928
topk_2,topk,5,2,0.5,0.2,1,1.6160019135450168,-0.21881502448272352
topk_3,topk,5,3,0.6666666666666666,0.4,1,1.5045720488776932,-0.2743901112984928
topk_5,topk,5,5,0.8,0.8,1,0.49220964387991095,-0.21423460311303116
fixed_be_0.05,fixed_be,5,3,0.6666666666666666,0.4,1,1.5045720488776932,-0.2743901112984928
fixed_be_0.1,fixed_be,5,3,0.6666666666666666,0.4,1,1.5045720488776932,-0.2743901112984928
bh_0.1,bh,6,1,0.0,0.0,1,-0.3586008584841945,-0.5246691165135343
bh_0.2,bh,6,5,0.2,0.2,4,-0.4692997419649288,-0.5291002611020817
bh_0.4,bh,6,12,0.3333333333333333,0.8,8,-0.14498615094746672,-0.7685650792226159
fixed_0.01,fixed,6,1,0.0,0.0,1,-0.3586008584841945,-0.5246691165135343
fixed_0.025,fixed,6,2,0.5,0.2,1,-0.5706664026172548,-0.5154525868622206
fixed_0.05,fixed,6,6,0.16666666666666666,0.2,5,-0.48740107327219007,-0.5270666165726478
fixed_0.1,fixed,6,9,0.3333333333333333,0.6,6,-0.1331582682243781,-0.6845514677789184
topk_2,topk,6,2,0.5,0.2,1,-0.5706664026172548,-0.5154525868622206
topk_3,topk,6,3,0.3333333333333333,0.2,2,-0.588021120832605,-0.5114793286992175
topk_5,topk,6,5,0.2,0.2,4,-0.4692997419649288,-0.5291002611020817
fixed_be_0.05,fixed_be,6,3,0.3333333333333333,0.2,2,-0.588021120832605,-0.5114793286992175
fixed_be_0.1,fixed_be,6,4,0.25,0.2,3,-0.24451869900440407,-0.5613819400522719
bh_0.1,bh,7,2,1.0,0.4,0,0.5242598418879845,0.0723631355375703
bh_0.2,bh,7,3,0.6666666666666666,0.4,1,0.16458167699683954,0.0955904610310155
bh_0.4,bh,7,4,0.5,0.4,2,0.16405308133980973,0.09301827513341149
fixed_0.01,fixed,7,2,1.0,0.4,0,0.5242598418879845,0.0723631355375703
fixed_0.025,fixed,7,3,0.6666666666666666,0.4,1,0.16458167699683954,0.0955904610310155
fixed_0.05,fixed,7,4,0.5,0.4,2,0.16405308133980973,0.09301827513341149
fixed_0.1,fixed,7,6,0.3333333333333333,0.4,4,-0.1158747647358852,0.1570806694684687
topk_2,topk,7,2,1.0,0.4,0,0.5242598418879845,0.0723631355375703
topk_3,topk,7,3,0.6666666666666666,0.4,1,0.16458167699683954,0.0955904610310155
topk_5,topk,7,5,0.4,0.4,3,-0.10897166238609923,0.14478183163033734
fixed_be_0.05,fixed_be,7,4,0.5,0.4,2,0.16405308133980973,0.09301827513341149
fixed_be_0.1,fixed_be,7,5,0.4,0.4,3,-0.10897166238609923,0.14478183163033734
bh_0.1,bh,8,3,0.6666666666666666,0.4,1,0.021229266702186795,0.21637963044713965
bh_0.2,bh,8,3,0.6666666666666666,0.4,1,0.021229266702186795,0.21637963044713965
bh_0.4,bh,8,6,0.3333333333333333,0.4,4,-0.6538135572844712,0.40953413191192317
fixed_0.01,fixed,8,3,0.6666666666666666,0.4,1,0.021229266702186795,0.21637963044713965
fixed_0.025,fixed,8,3,0.6666666666666666,0.4,1,0.021229266702186795,0.21637963044713965
fixed_0.05,fixed,8,4,0.5,0.4,2,0.19302483417556324,0.19745532636450294
fixed_0.1,fixed,8,6,0.3333333333333333,0.4,4,-0.6538135572844712,0.40953413191192317
topk_2,topk,8,2,1.0,0.4,0,0.5772694010133121,0.1696928221483109
topk_3,topk,8,3,0.6666666666666666,0.4,1,0.021229266702186795,0.21637963044713965
topk_5,topk,8,5,0.4,0.4,3,-0.15638352761079927,0.26751421840933304
fixed_be_0.05,fixed_be,8,2,1.0,0.4,0,0.5772694010133121,0.1696928221483109
fixed_be_0.1,fixed_be,8,2,1.0,0.4,0,0.5772694010133121,0.1696928221483109
bh_0.1,bh,9,1,1.0,0.2,0,0.09888452184305055,0.14212346177946
bh_0.2,bh,9,1,1.0,0.2,0,0.09888452184305055,0.14212346177946
bh_0.4,bh,9,1,1.0,0.2,0,0.09888452184305055,0.14212346177946
fixed_0.01,fixed,9,1,1.0,0.2,0,0.09888452184305055,0.14212346177946
fixed_0.025,fixed,9,1,1.0,0.2,0,0.09888452184305055,0.14212346177946
fixed_0.05,fixed,9,2,1.0,0.4,0,-0.4313081584713826,0.18153861537107696
fixed_0.1,fixed,9,5,0.6,0.6,2,0.33632429238921197,0.10155373806005324
topk_2,topk,9,2,1.0,0.4,0,-0.4313081584713826,0.18153861537107696
topk_3,topk,9,3,1.0,0.6,0,0.05208445418684726,0.15052635373654996
topk_5,topk,9,5,0.6,0.6,2,0.33632429238921197,0.10155373806005324
fixed_be_0.05,fixed_be,9,1,1.0,0.2,0,0.09888452184305055,0.14212346177946
fixed_be_0.1,fixed_be,9,1,1.0,0.2,0,0.09888452184305055,0.14212346177946
bh_0.1,bh,10,2,1.0,0.4,0,2.3593607447036407,0.12491326145815891
bh_0.2,bh,10,4,0.75,0.6,1,1.2727417433116435,0.1202048398841983
bh_0.4,bh,10,8,0.375,0.6,5,0.5187340206659297,0.184837302041286
fixed_0.01,fixed,10,2,1.0,0.4,0,2.3593607447036407,0.12491326145815891
fixed_0.025,fixed,10,4,0.75,0.6,1,1.2727417433116435,0.1202048398841983
fixed_0.05,fixed,10,5,0.6,0.6,2,0.8926902813749044,0.15011365613444835
fixed_0.1,fixed,10,8,0.375,0.6,5,0.5187340206659297,0.184837302041286
topk_2,topk,10,2,1.0,0.4,0,2.3593607447036407,0.12491326145815891
topk_3,topk,10,3,1.0,0.6,0,1.5512027620841622,0.13195127866604603
topk_5,topk,10,5,0.6,0.6,2,0.8926902813749044,0.15011365613444835
fixed_be_0.05,fixed_be,10,4,0.5,0.4,2,1.132141152507329,0.14183570000793902
fixed_be_0.1,fixed_be,10,4,0.5,0.4,2,1.132141152507329,0.14183570000793902
bh_0.1,bh,11,0,,0.0,0,,-0.09522511971437767
bh_0.2,bh,11,0,,0.0,0,,-0.09522511971437767
bh_0.4,bh,11,1,1.0,0.2,0,-0.030088854955599882,-0.09747119780950797
fixed_0.01,fixed,11,0,,0.0,0,,-0.09522511971437767
fixed_0.025,fixed,11,1,1.0,0.2,0,-0.030088854955599882,-0.09747119780950797
fixed_0.05,fixed,11,1,1.0,0.2,0,-0.030088854955599882,-0.09747119780950797
fixed_0.1,fixed,11,3,0.6666666666666666,0.4,1,-0.5585961845909083,-0.04373944583920764
topk_2,topk,11,2,0.5,0.2,1,-0.7671586800243756,-0.04722986540652069
topk_3,topk,11,3,0.6666666666666666,0.4,1,-0.5585961845909083,-0.04373944583920764
topk_5,topk,11,5,0.4,0.4,3,-0.5051983800207415,-0.013230467653104936
fixed_be_0.05,fixed_be,11,1,1.0,0.2,0,-0.030088854955599882,-0.09747119780950797
fixed_be_0.1,fixed_be,11,1,1.0,0.2,0,-0.030088854955599882,-0.09747119780950797
bh_0.1,bh,12,2,1.0,0.4,0,0.3996636738937168,0.03586721813025321
bh_0.2,bh,12,3,0.6666666666666666,0.4,1,0.31974201662043317,0.031273459465674947
bh_0.4,bh,12,6,0.5,0.6,3,0.17495302901550333,0.03141213672256265
fixed_0.01,fixed,12,2,1.0,0.4,0,0.3996636738937168,0.03586721813025321
fixed_0.025,fixed,12,3,0.6666666666666666,0.4,1,0.31974201662043317,0.031273459465674947
fixed_0.05,fixed,12,4,0.5,0.4,2,0.12934604260953966,0.04947020326909095
fixed_0.1,fixed,12,6,0.5,0.6,3,0.17495302901550333,0.03141213672256265
topk_2,topk,12,2,1.0,0.4,0,0.3996636738937168,0.03586721813025321
topk_3,topk,12,3,0.6666666666666666,0.4,1,0.31974201662043317,0.031273459465674947
topk_5,topk,12,5,0.6,0.6,2,0.3416938927093579,0.003805599675509357
fixed_be_0.05,fixed_be,12,2,1.0,0.4,0,0.3996636738937168,0.03586721813025321
fixed_be_0.1,fixed_be,12,3,1.0,0.6,0,0.6634708802986881,-0.0069186364985755954
bh_0.1,bh,13,0,,0.0,0,,0.12796305482765682
bh_0.2,bh,13,3,0.3333333333333333,0.2,2,0.8064275864835005,0.05257810686589641
bh_0.4,bh,13,3,0.3333333333333333,0.2,2,0.8064275864835005,0.05257810686589641
fixed_0.01,fixed,13,1,0.0,0.0,1,0.9571897081604008,0.09936903229894153
fixed_0.025,fixed,13,3,0.3333333333333333,0.2,2,0.8064275864835005,0.05257810686589641
fixed_0.05,fixed,13,3,0.3333333333333333,0.2,2,0.8064275864835005,0.05257810686589641
fixed_0.1,fixed,13,5,0.4,0.4,3,0.23277378906293716,0.10700090798060076
topk_2,topk,13,2,0.5,0.2,1,0.832354613983125,0.07764937203083766
topk_3,topk,13,3,0.3333333333333333,0.2,2,0.8064275864835005,0.05257810686589641
topk_5,topk,13,5,0.4,0.4,3,0.23277378906293716,0.10700090798060076
fixed_be_0.05,fixed_be,13,1,1.0,0.2,0,0.7075195198058493,0.10797834913875365
fixed_be_0.1,fixed_be,13,1,1.0,0.2,0,0.7075195198058493,0.10797834913875365
