vendor,wf_sharpe,naive_sharpe,selection_cost,config_switches,modal_config,modal_config_frac,n_folds,wf_sharpe_per_fold,seed,true_ic,kind,rank
vendor_00,2.333042572409144,2.463768328899834,0.13072575649069007,1,smooth1_top25,0.6,5,0.600;4.606;1.843;1.703;3.099,0,0.05,REAL,1
vendor_01,2.3285039913003,2.409266995165106,0.08076300386480595,1,smooth1_top25,0.6,5,0.989;4.478;1.901;1.500;2.830,0,0.04,REAL,2
vendor_02,1.4265731415760556,2.2397276547711646,0.813154513195109,3,smooth1_all,0.4,5,-0.911;2.394;-0.176;2.156;3.137,0,0.03,REAL,3
vendor_03,0.9036479192836914,1.6947530399219874,0.7911051206382961,2,smooth1_top25,0.6,5,-0.494;1.368;1.018;0.945;1.689,0,0.025,REAL,4
vendor_10,0.651174305823775,0.9327111130552166,0.2815368072314416,1,smooth5_top25,0.8,5,2.517;-1.516;0.180;2.649;-0.463,0,0.0,fake,5
vendor_07,0.6059248720607177,0.9235969954783798,0.31767212341766216,3,smooth5_all,0.4,5,1.402;-0.841;-0.410;1.525;1.532,0,0.0,fake,6
vendor_08,0.4180950197617716,0.4584055542807313,0.04031053451895972,3,smooth20_top25,0.4,5,0.012;0.323;0.302;1.270;0.187,0,0.0,fake,7
vendor_06,0.22508905770702864,0.9526629628536541,0.7275739051466255,0,smooth20_all,1.0,5,2.089;-0.408;-0.263;0.243;-0.275,0,0.0,fake,8
vendor_09,0.015217176080287853,0.015217176080287853,0.0,0,smooth1_top25,1.0,5,-1.284;0.944;1.134;0.154;-1.073,0,0.0,fake,9
vendor_04,-0.09984541998818357,0.9226696716416976,1.022515091629881,2,smooth20_top25,0.6,5,-1.488;-0.610;2.569;-0.962;-0.405,0,0.01,REAL,10
vendor_11,-0.7922013765851876,-0.059796463182326426,0.7324049134028612,1,smooth1_all,0.6,5,0.973;-5.399;-1.748;0.255;0.456,0,0.0,fake,11
vendor_05,-0.9404153919946234,-0.47774014242850393,0.4626752495661195,4,smooth20_top25,0.4,5,-1.959;-2.115;-0.369;-1.022;1.141,0,0.0,fake,12
vendor_02,1.9916960269634874,1.7753369619855706,-0.2163590649779168,2,smooth5_top25,0.6,5,-0.914;4.012;3.745;0.745;1.403,1,0.03,REAL,1
vendor_00,1.374704171920248,1.8743147471341817,0.4996105752139337,2,smooth1_all,0.8,5,-0.177;2.683;3.335;1.319;-0.185,1,0.05,REAL,2
vendor_01,1.1649412477976815,1.3867292530527335,0.22178800525505205,1,smooth5_all,0.6,5,-0.447;2.258;2.926;0.710;0.294,1,0.04,REAL,3
vendor_03,1.0149491350529618,1.3699780278545268,0.355028892801565,1,smooth5_top50,0.8,5,-1.273;3.095;2.011;0.310;0.900,1,0.025,REAL,4
vendor_08,0.3506205453721488,0.3948047552328994,0.044184209860750556,1,smooth20_top25,0.8,5,2.045;0.559;0.744;-1.865;0.463,1,0.0,fake,5
vendor_11,0.3059528407198912,0.49841695426220145,0.19246411354231024,1,smooth20_top50,0.6,5,-0.537;1.785;-1.233;1.036;0.733,1,0.0,fake,6
vendor_04,0.19650705068424007,1.1272007304057419,0.9306936797215017,3,smooth5_top25,0.4,5,1.560;0.370;1.602;-1.890;0.264,1,0.01,REAL,7
vendor_10,-0.14054327422677007,0.8415517026207329,0.9820949768475029,2,smooth1_top50,0.8,5,1.016;1.219;-0.941;-0.664;-1.223,1,0.0,fake,8
vendor_06,-0.16006174520666724,0.054532349439600274,0.21459409464626752,2,smooth1_all,0.4,5,-0.353;-1.100;0.297;-0.100;0.427,1,0.0,fake,9
vendor_07,-0.28903788475864456,0.5415107385138579,0.8305486232725025,0,smooth20_top25,1.0,5,0.559;-0.425;-0.914;0.114;-0.860,1,0.0,fake,10
vendor_05,-0.45155287551796275,-0.2993388322135112,0.15221404330445154,0,smooth5_top50,1.0,5,-0.504;-0.087;0.937;0.068;-2.875,1,0.0,fake,11
vendor_09,-0.5526632286800234,0.14038709246180528,0.6930503211418286,1,smooth1_top25,0.6,5,-2.051;0.569;-1.275;-0.207;0.088,1,0.0,fake,12
vendor_00,3.23567846160728,3.3399110500983733,0.10423258849109329,2,smooth5_top25,0.4,5,2.827;3.236;3.881;4.045;2.290,2,0.05,REAL,1
vendor_01,2.8627569334608807,2.8627569334608807,0.0,0,smooth5_top25,1.0,5,3.355;1.889;3.215;3.299;2.592,2,0.04,REAL,2
vendor_02,1.781139102094314,1.6582269208936777,-0.12291218120063618,1,smooth5_all,0.8,5,2.277;1.022;1.250;0.213;3.429,2,0.03,REAL,3
vendor_11,0.9764003129587283,0.9764003129587283,0.0,0,smooth5_top25,1.0,5,1.935;0.824;0.803;-0.549;1.726,2,0.0,fake,4
vendor_04,0.864084723649034,1.4923732081959509,0.6282884845469169,1,smooth5_top25,0.6,5,2.129;0.473;0.748;1.889;-1.336,2,0.01,REAL,5
vendor_03,0.6196398548462322,1.3205680944042497,0.7009282395580175,2,smooth5_all,0.6,5,-1.035;0.771;1.968;1.267;0.927,2,0.025,REAL,6
vendor_09,0.3814366754073928,0.815477013406673,0.4340403379992802,2,smooth5_top50,0.8,5,-0.277;0.476;1.556;-1.358;1.494,2,0.0,fake,7
vendor_07,0.24959673363643703,0.563164973295336,0.31356823965889896,1,smooth20_top25,0.8,5,-0.762;-0.389;2.500;0.854;-1.126,2,0.0,fake,8
vendor_05,0.20159571657807476,0.3869150510234234,0.18531933444534862,1,smooth1_all,0.6,5,0.857;0.530;-0.014;-0.314;-0.359,2,0.0,fake,9
vendor_08,0.15899296808688482,0.39600196643057434,0.23700899834368952,1,smooth20_top25,0.8,5,-1.336;1.499;-1.864;1.766;0.983,2,0.0,fake,10
vendor_10,-0.6041616374950484,0.09270680926749336,0.6968684467625417,3,smooth20_top25,0.4,5,1.377;-0.806;-1.856;-1.410;0.159,2,0.0,fake,11
vendor_06,-1.4168951771379648,-0.1368090686998767,1.2800861084380881,3,smooth5_top25,0.4,5,-0.468;-3.079;-2.313;-0.588;-0.097,2,0.0,fake,12
vendor_01,2.2599175551313837,2.172839817230359,-0.08707773790102458,2,smooth1_top25,0.6,5,4.597;2.560;1.919;-0.352;1.571,3,0.04,REAL,1
vendor_00,1.9662804163075935,2.0789462174573186,0.11266580114972502,0,smooth5_all,1.0,5,4.786;2.585;1.821;0.176;0.503,3,0.05,REAL,2
vendor_02,1.5001463376321937,1.8098846796912704,0.3097383420590767,3,smooth20_all,0.4,5,3.252;2.405;1.245;0.618;-0.028,3,0.03,REAL,3
vendor_04,0.9749998978335702,0.7435381467029635,-0.23146175113060674,1,smooth20_top25,0.8,5,-0.817;1.289;3.021;-0.639;2.343,3,0.01,REAL,4
vendor_03,0.7893126524860014,1.2910794465029294,0.501766794016928,1,smooth20_all,0.8,5,2.414;1.423;1.573;0.093;-0.511,3,0.025,REAL,5
vendor_09,0.43354366679699385,0.49519746940128384,0.06165380260428999,0,smooth20_top25,1.0,5,-0.220;3.017;-0.110;-0.423;0.014,3,0.0,fake,6
vendor_07,0.09945262423655703,0.4367014282979707,0.33724880406141367,4,smooth1_all,0.4,5,-0.956;0.066;-0.356;0.136;1.023,3,0.0,fake,7
vendor_06,0.060102645660207,0.6881906042490841,0.6280879585888771,2,smooth5_all,0.6,5,0.131;2.361;-1.694;0.562;-1.227,3,0.0,fake,8
vendor_08,-0.1296306784049431,0.3994955684193693,0.5291262468243124,2,smooth1_top25,0.8,5,-0.472;-1.074;0.551;0.897;-0.135,3,0.0,fake,9
vendor_05,-0.21428002447633693,0.03801732754131903,0.25229735201765596,2,smooth5_top25,0.6,5,-0.296;-1.939;1.072;-0.338;0.376,3,0.0,fake,10
vendor_11,-0.27301350010094744,1.1280252261479278,1.4010387262488753,4,smooth5_top50,0.4,5,0.014;0.593;0.741;-2.170;0.064,3,0.0,fake,11
vendor_10,-0.6559804131805425,-0.4143920085659761,0.24158840461456638,2,smooth1_top50,0.6,5,-0.660;-0.659;-0.934;-1.424;0.141,3,0.0,fake,12
vendor_00,1.5613781956370412,1.8905224588121115,0.3291442631750703,3,smooth20_top50,0.4,5,1.593;0.688;1.148;3.394;1.593,4,0.05,REAL,1
vendor_01,1.5613781956370412,1.8905224588121115,0.3291442631750703,3,smooth20_top50,0.4,5,1.593;0.688;1.148;3.394;1.593,4,0.04,REAL,2
vendor_02,1.3802676066950093,1.6191172811271712,0.23884967443216198,3,smooth20_top50,0.4,5,1.491;0.709;0.567;2.898;1.645,4,0.03,REAL,3
vendor_03,1.285280655729667,1.3048331069362684,0.01955245120660143,1,smooth20_all,0.8,5,0.831;0.707;0.055;4.551;0.189,4,0.025,REAL,4
vendor_04,1.09303578522018,1.6414758194182466,0.5484400341980666,2,smooth20_top50,0.4,5,1.473;1.295;2.194;1.094;-0.735,4,0.01,REAL,5
vendor_09,0.9595956938489444,0.9943214151215848,0.0347257212726404,3,smooth5_all,0.6,5,1.407;1.391;-0.471;1.447;0.982,4,0.0,fake,6
vendor_07,0.8641362708485063,0.9104197955874191,0.04628352473891284,1,smooth1_all,0.8,5,1.276;1.748;3.265;-0.369;-1.548,4,0.0,fake,7
vendor_06,0.278132660911282,0.7338970771295962,0.45576441621831415,3,smooth5_top50,0.6,5,1.126;0.783;0.452;-0.236;-0.504,4,0.0,fake,8
vendor_08,0.2406192618440955,0.41290491723319644,0.17228565538910096,2,smooth1_top25,0.4,5,1.430;-0.759;0.555;1.124;-1.356,4,0.0,fake,9
vendor_05,0.08933948757036336,0.1787588068401473,0.08941931926978394,0,smooth20_all,1.0,5,-0.310;-0.825;0.529;0.470;0.514,4,0.0,fake,10
vendor_10,-0.0417372424587966,0.26043488465992043,0.30217212711871705,1,smooth5_top25,0.8,5,0.388;-0.434;2.026;-0.158;-1.917,4,0.0,fake,11
vendor_11,-0.49583741611128856,-0.031301859104216935,0.4645355570070716,1,smooth1_all,0.8,5,-0.835;-0.094;0.193;-2.735;0.908,4,0.0,fake,12
vendor_02,1.0037128128568114,1.3836416795090352,0.3799288666522238,2,smooth20_top25,0.4,5,-0.840;2.151;1.519;1.902;0.106,5,0.03,REAL,1
vendor_03,0.9177764415683582,1.372348601862163,0.45457216029380465,1,smooth20_top50,0.6,5,-0.968;0.916;1.457;1.249;1.948,5,0.025,REAL,2
vendor_09,0.80812755451815,0.6916167089990347,-0.11651084551911528,2,smooth20_top50,0.6,5,1.768;0.718;0.373;0.135;0.865,5,0.0,fake,3
vendor_11,0.6169923315313317,0.5442623932713804,-0.07272993825995133,2,smooth5_all,0.8,5,2.246;-0.740;1.151;1.651;-1.623,5,0.0,fake,4
vendor_00,0.4972603808355914,1.3220185951063934,0.8247582142708021,1,smooth1_top25,0.8,5,-0.490;0.954;1.314;-0.190;0.750,5,0.05,REAL,5
vendor_01,0.4972603808355914,1.3220185951063934,0.8247582142708021,1,smooth1_top25,0.8,5,-0.490;0.954;1.314;-0.190;0.750,5,0.04,REAL,6
vendor_05,0.16764938172550906,0.5751643729093285,0.4075149911838195,2,smooth20_all,0.6,5,0.234;1.552;1.129;-0.259;-0.939,5,0.0,fake,7
vendor_04,-0.08885806298952867,1.3619604556024407,1.4508185185919693,4,smooth1_top50,0.4,5,-0.185;-0.204;-1.552;0.212;1.204,5,0.01,REAL,8
vendor_08,-0.36680270480860155,-0.25940804430752434,0.10739466050107721,0,smooth20_top50,1.0,5,1.795;1.296;-3.023;0.691;-2.600,5,0.0,fake,9
vendor_06,-0.5541914054359657,-0.49721636879251635,0.05697503664344933,3,smooth5_top25,0.6,5,-1.742;-1.724;2.768;0.440;-2.729,5,0.0,fake,10
vendor_10,-0.5683172773862983,-0.03416907107007738,0.534148206316221,3,smooth5_top50,0.4,5,1.415;-1.228;-0.444;-1.893;-0.573,5,0.0,fake,11
vendor_07,-1.0373229893944782,0.4245860729896121,1.4619090623840902,1,smooth20_top25,0.8,5,-0.245;1.087;-1.317;-3.389;-1.574,5,0.0,fake,12
vendor_04,1.291687793970637,1.3358186129815472,0.044130819010910205,1,smooth1_top25,0.6,5,1.759;1.882;2.256;0.033;0.710,6,0.01,REAL,1
vendor_05,1.1015753996471627,1.1015753996471627,0.0,0,smooth5_top25,1.0,5,1.004;2.273;-0.923;0.698;2.494,6,0.0,fake,2
vendor_03,0.9300424865489068,1.1662868561316297,0.236244369582723,1,smooth5_top25,0.8,5,2.975;1.073;-0.977;-0.486;2.725,6,0.025,REAL,3
vendor_01,0.8670869439198996,1.1800085257638167,0.31292158184391705,1,smooth5_top50,0.6,5,1.744;1.302;0.673;0.175;0.729,6,0.04,REAL,4
vendor_00,0.8670869439198992,1.1800085257638167,0.3129215818439175,1,smooth5_top50,0.6,5,1.744;1.302;0.673;0.175;0.729,6,0.05,REAL,5
vendor_02,0.610384197285197,0.875395346862519,0.26501114957732197,1,smooth5_top25,0.6,5,1.129;2.199;-0.002;-0.428;1.205,6,0.03,REAL,6
vendor_06,0.48824710389561216,0.7612325678302108,0.2729854639345986,0,smooth1_top25,1.0,5,0.034;1.444;-0.616;2.586;-1.139,6,0.0,fake,7
vendor_10,0.12571753031337662,0.6541390399040403,0.5284215095906637,3,smooth5_top25,0.4,5,1.619;-0.227;-0.692;-0.055;0.246,6,0.0,fake,8
vendor_11,-0.20472523985340607,0.8864549146099552,1.0911801544633613,4,smooth20_top25,0.4,5,-1.838;-0.386;1.770;-1.121;1.146,6,0.0,fake,9
vendor_09,-0.3384960981015543,-0.019536126205644377,0.3189599718959099,4,smooth1_all,0.4,5,-1.056;2.321;-0.978;-1.498;-2.643,6,0.0,fake,10
vendor_07,-0.4292056683684717,0.028752708373090283,0.457958376741562,3,smooth1_top50,0.4,5,-0.804;-3.838;2.047;-0.120;0.566,6,0.0,fake,11
vendor_08,-0.5108515543549916,0.10446732394715484,0.6153188783021465,1,smooth20_top50,0.8,5,-0.613;-1.995;-0.826;3.132;-1.786,6,0.0,fake,12
vendor_00,1.6129430027259009,1.6129430027259009,0.0,0,smooth1_top50,1.0,5,-0.720;2.843;1.224;1.901;2.739,7,0.05,REAL,1
vendor_01,1.6129430027259009,1.6129430027259009,0.0,0,smooth1_top50,1.0,5,-0.720;2.843;1.224;1.901;2.739,7,0.04,REAL,2
vendor_02,1.492151297075154,1.4450187095588127,-0.04713258751634131,2,smooth5_top50,0.8,5,0.078;3.259;-0.714;2.310;1.740,7,0.03,REAL,3
vendor_03,1.0366810592871722,1.1085915496193672,0.07191049033219499,2,smooth5_top50,0.6,5,0.414;2.118;0.347;0.777;1.719,7,0.025,REAL,4
vendor_08,1.0119723645592669,0.9422872413244341,-0.06968512323483278,3,smooth1_top25,0.4,5,1.315;1.641;1.947;0.490;-0.945,7,0.0,fake,5
vendor_04,0.9360805605381056,1.4747127152073918,0.5386321546692862,1,smooth20_top25,0.6,5,-0.004;0.415;0.069;1.568;4.658,7,0.01,REAL,6
vendor_06,0.7454927236725781,1.5555515281548022,0.8100588044822241,1,smooth5_top50,0.8,5,2.877;0.893;0.789;-1.071;0.868,7,0.0,fake,7
vendor_05,0.5092036521843164,1.1893438937225123,0.6801402415381959,1,smooth1_top50,0.8,5,2.257;-0.573;-0.084;-1.249;2.767,7,0.0,fake,8
vendor_09,0.12540011434367593,0.22968896922775817,0.10428885488408224,2,smooth20_top50,0.6,5,-3.015;1.738;-0.080;2.003;0.127,7,0.0,fake,9
vendor_10,-0.11878469462457503,0.8235158212621362,0.9423005158867113,2,smooth20_all,0.6,5,2.048;-2.983;1.190;1.325;-2.423,7,0.0,fake,10
vendor_07,-0.37135718192078687,0.09457015889434779,0.46592734081513465,4,smooth20_top50,0.4,5,1.882;-0.297;-0.336;-2.372;-1.082,7,0.0,fake,11
vendor_11,-1.1794021406795807,-0.3623591123068419,0.8170430283727388,4,smooth5_top50,0.2,5,-1.731;-2.193;0.088;-0.477;-1.441,7,0.0,fake,12
vendor_00,1.5981957652424652,1.83981829889598,0.24162253365351472,1,smooth1_top50,0.8,5,-0.755;4.083;1.316;0.350;3.656,8,0.05,REAL,1
vendor_04,1.5499201548471007,1.5774489364340532,0.02752878158695249,3,smooth1_top25,0.4,5,0.885;0.253;1.728;1.886;2.603,8,0.01,REAL,2
vendor_02,1.3141553218493371,1.581787526484472,0.26763220463513493,1,smooth5_top25,0.6,5,0.965;1.051;1.632;0.592;2.320,8,0.03,REAL,3
vendor_09,1.3129564673383793,1.3291524277874516,0.016195960449072233,2,smooth5_top50,0.6,5,-1.700;3.157;1.749;0.543;2.680,8,0.0,fake,4
vendor_03,1.1246938001982953,1.3942852996857038,0.26959149948740846,2,smooth5_all,0.6,5,0.398;0.335;0.244;1.164;3.001,8,0.025,REAL,5
vendor_01,0.8592356864360885,1.254290891149068,0.3950552047129795,2,smooth1_top50,0.6,5,-0.658;2.743;-1.074;0.657;2.902,8,0.04,REAL,6
vendor_05,0.5614122564559327,0.6528253884300044,0.09141313197407164,0,smooth1_all,1.0,5,1.813;-0.657;1.154;1.446;-0.809,8,0.0,fake,7
vendor_10,0.24093605635551896,0.3940877268223147,0.15315167046679573,3,smooth5_top25,0.4,5,-1.814;0.379;2.113;1.069;-1.988,8,0.0,fake,8
vendor_11,-0.11467165675896397,0.6001362037892608,0.7148078605482248,2,smooth1_top50,0.6,5,-2.230;1.918;-2.251;-0.332;3.125,8,0.0,fake,9
vendor_06,-0.34331497747614426,-0.20486822093396556,0.1384467565421787,0,smooth1_top50,1.0,5,1.924;-2.350;2.431;-3.284;-0.148,8,0.0,fake,10
vendor_08,-0.44417038773745887,-0.21447963998327332,0.22969074775418555,1,smooth20_top50,0.6,5,-0.379;2.802;-1.867;-0.541;-2.056,8,0.0,fake,11
vendor_07,-1.493134050617661,-0.8802146249047679,0.612919425712893,3,smooth5_top50,0.4,5,-0.770;-1.774;-2.462;-2.036;-0.415,8,0.0,fake,12
vendor_00,2.565045681374311,2.5673059299051535,0.0022602485308422793,1,smooth1_top25,0.8,5,-0.504;3.873;5.586;2.286;1.064,9,0.05,REAL,1
vendor_01,2.565045681374311,2.5673059299051544,0.0022602485308431675,1,smooth1_top25,0.8,5,-0.504;3.873;5.586;2.286;1.064,9,0.04,REAL,2
vendor_02,1.9148239174716988,2.5306809624637285,0.6158570449920298,3,smooth1_all,0.6,5,-0.274;4.427;4.194;1.257;1.113,9,0.03,REAL,3
vendor_03,1.835787914131198,1.6786712371565862,-0.15711667697461174,2,smooth1_all,0.6,5,-1.233;2.367;5.037;1.435;0.939,9,0.025,REAL,4
vendor_10,0.580074959340904,0.3199192533523301,-0.2601557059885739,1,smooth1_top25,0.8,5,1.549;-1.662;3.716;0.864;-2.496,9,0.0,fake,5
vendor_11,0.5471018697205576,0.6468571504878049,0.09975528076724727,2,smooth5_top50,0.4,5,1.442;-0.539;-1.422;2.995;0.632,9,0.0,fake,6
vendor_04,0.3650622818436813,0.9241308898811839,0.5590686080375026,0,smooth5_all,1.0,5,0.592;2.858;0.756;0.442;-2.683,9,0.01,REAL,7
vendor_09,0.256370396255208,0.33777386418154054,0.08140346792633252,1,smooth1_top25,0.8,5,0.768;-1.663;-1.351;2.755;1.624,9,0.0,fake,8
vendor_06,0.009233960787951476,0.5374313639666378,0.5281974031786864,2,smooth1_top50,0.6,5,0.685;-0.771;1.143;0.021;-0.710,9,0.0,fake,9
vendor_08,-0.16848405484952178,0.5790990778783229,0.7475831327278447,2,smooth1_all,0.8,5,1.298;1.247;1.503;-1.745;-2.565,9,0.0,fake,10
vendor_05,-0.6503225226888179,0.3043831762978489,0.9547056989866667,2,smooth5_top50,0.6,5,-1.529;-1.652;0.165;-0.173;-0.379,9,0.0,fake,11
vendor_07,-0.7839424504584687,-0.09205038832155664,0.691892062136912,2,smooth20_top50,0.4,5,-0.733;-1.159;-0.391;-1.213;-0.451,9,0.0,fake,12
vendor_01,2.1967379707906276,2.208782862206654,0.012044891416026271,1,smooth5_top50,0.8,5,2.075;0.180;2.337;2.532;3.690,10,0.04,REAL,1
vendor_00,1.9585109357462036,2.573498335105717,0.6149873993595132,3,smooth1_top25,0.4,5,2.603;0.686;1.658;1.794;3.107,10,0.05,REAL,2
vendor_02,1.7732548579136633,2.3670010938556123,0.593746235941949,2,smooth5_top25,0.6,5,-0.676;2.045;1.250;1.681;4.599,10,0.03,REAL,3
vendor_06,1.7353505690130389,1.541073354126805,-0.19427721488623395,2,smooth5_top25,0.6,5,3.788;0.850;3.294;0.512;-0.359,10,0.0,fake,4
vendor_03,1.4082353426689704,1.4082353426689704,0.0,0,smooth5_top25,1.0,5,1.817;1.869;0.953;-0.063;2.649,10,0.025,REAL,5
vendor_09,0.8448272016024699,1.4569636831017148,0.6121364814992448,2,smooth20_top50,0.4,5,0.316;3.093;-0.269;0.195;1.327,10,0.0,fake,6
vendor_04,0.5281843319930909,1.0684292304758007,0.5402448984827098,4,smooth1_top50,0.2,5,0.990;-2.016;0.938;2.312;0.431,10,0.01,REAL,7
vendor_10,0.4830801359764308,0.7275806696210333,0.2445005336446025,3,smooth20_top25,0.6,5,2.074;0.050;-0.963;2.026;-0.326,10,0.0,fake,8
vendor_08,0.1781299516857423,0.1781299516857423,0.0,0,smooth20_top50,1.0,5,-0.305;1.252;0.867;-1.495;0.667,10,0.0,fake,9
vendor_05,-0.14571731354889825,0.5310218911146369,0.6767392046635352,2,smooth1_top25,0.8,5,1.276;-2.538;-0.009;0.359;0.445,10,0.0,fake,10
vendor_07,-0.30435022238255416,0.6856635480104931,0.9900137703930473,2,smooth20_top25,0.6,5,-0.863;-3.259;2.339;-0.686;0.748,10,0.0,fake,11
vendor_11,-0.6323631706858227,-0.3132018871955078,0.3191612834903149,2,smooth20_top25,0.6,5,-1.945;-0.948;0.846;-0.347;-1.447,10,0.0,fake,12
vendor_00,2.3717925406943077,2.3759974877402095,0.004204947045901797,0,smooth1_all,1.0,5,2.876;4.023;2.298;1.429;1.232,11,0.05,REAL,1
vendor_01,1.7347594065694132,1.7681255214685303,0.033366114899117116,1,smooth1_top50,0.8,5,1.568;3.358;0.832;1.376;1.520,11,0.04,REAL,2
vendor_02,1.238460519085927,1.7437373968688448,0.5052768777829177,3,smooth1_all,0.6,5,0.539;0.463;0.391;3.513;1.745,11,0.03,REAL,3
vendor_08,0.8664737545173027,0.9550206296369762,0.08854687511967352,1,smooth1_top25,0.8,5,1.436;1.417;-0.031;1.591;-0.071,11,0.0,fake,4
vendor_06,0.7904310582561151,0.8841249848034736,0.09369392654735842,1,smooth20_top25,0.8,5,-1.067;0.522;2.552;0.729;1.441,11,0.0,fake,5
vendor_03,0.4165316582808125,0.8283299578698399,0.41179829958902736,3,smooth1_top25,0.4,5,-0.706;1.394;-0.642;0.403;1.713,11,0.025,REAL,6
vendor_07,0.3038979989886126,0.5502584481045638,0.24636044911595123,1,smooth20_top25,0.8,5,1.938;-0.326;-1.150;1.428;-0.182,11,0.0,fake,7
vendor_04,0.14938651208443218,1.2556150473750405,1.1062285352906083,2,smooth5_all,0.4,5,-0.120;2.182;0.137;-0.279;-0.523,11,0.01,REAL,8
vendor_11,0.00409289809645703,0.13405110963986103,0.129958211543404,1,smooth1_top25,0.6,5,-0.113;0.970;-0.873;0.508;-0.255,11,0.0,fake,9
vendor_09,-0.18719451759120542,0.5024561533682662,0.6896506709594716,2,smooth1_top25,0.4,5,-2.179;3.873;-1.627;-0.359;-0.454,11,0.0,fake,10
vendor_05,-0.3833289882952298,0.02983284102869434,0.41316182932392415,1,smooth5_top50,0.6,5,0.267;-2.180;0.400;0.597;-0.924,11,0.0,fake,11
vendor_10,-1.6395254569392999,-0.5158568024095201,1.1236686545297796,3,smooth5_top50,0.6,5,-0.719;-1.192;-2.999;-1.192;-2.515,11,0.0,fake,12
vendor_01,2.3242894113183863,2.3270778955340763,0.0027884842156900014,0,smooth1_all,1.0,5,3.856;4.969;-0.118;2.437;0.826,12,0.04,REAL,1
vendor_00,2.0256242398991082,2.3494524365140363,0.3238281966149281,3,smooth1_all,0.6,5,3.330;5.866;-0.156;2.024;1.168,12,0.05,REAL,2
vendor_02,1.3060350555696103,1.8625182108710743,0.556483155301464,2,smooth1_top25,0.4,5,2.132;4.624;-2.054;1.253;0.614,12,0.03,REAL,3
vendor_10,1.2796473198015827,1.1195709994184166,-0.1600763203831661,3,smooth1_top25,0.6,5,0.070;0.074;3.332;1.795;0.713,12,0.0,fake,4
vendor_08,0.7328165098369817,1.051613157235135,0.3187966473981534,0,smooth20_top50,1.0,5,1.042;-1.261;2.495;0.730;0.532,12,0.0,fake,5
vendor_09,0.6858813927812513,0.6993656274981443,0.013484234716893084,0,smooth5_top25,1.0,5,1.750;1.559;1.537;0.363;-2.214,12,0.0,fake,6
vendor_03,0.6003683202429259,1.1652344497325158,0.5648661294895899,1,smooth1_top50,0.6,5,3.683;0.949;-3.370;0.989;0.635,12,0.025,REAL,7
vendor_04,0.46245380774676964,0.5760523320953449,0.11359852434857526,0,smooth1_top25,1.0,5,1.907;0.098;-2.756;1.953;1.031,12,0.01,REAL,8
vendor_07,0.37773388659987944,0.45324279386216365,0.07550890726228421,0,smooth1_all,1.0,5,0.433;-1.942;2.923;0.840;-0.238,12,0.0,fake,9
vendor_11,-0.16626225082037155,-0.09265952316981943,0.07360272765055212,0,smooth1_top25,1.0,5,1.888;-1.948;-0.629;0.439;-0.632,12,0.0,fake,10
vendor_05,-0.36405577924637544,-0.24607041923743142,0.11798536000894402,0,smooth5_all,1.0,5,0.221;0.840;0.261;-1.526;-1.423,12,0.0,fake,11
vendor_06,-0.8834240757206597,0.5516296271983824,1.435053702919042,1,smooth20_top25,0.8,5,-2.154;-0.194;-0.577;-1.101;-0.515,12,0.0,fake,12
vendor_00,1.9022739840250456,1.9283109808757473,0.02603699685070171,2,smooth1_all,0.6,5,4.101;1.304;1.883;2.115;-0.126,13,0.05,REAL,1
vendor_01,1.902273984025045,1.9283109808757473,0.026036996850702154,2,smooth1_all,0.6,5,4.101;1.304;1.883;2.115;-0.126,13,0.04,REAL,2
vendor_02,1.902273984025045,1.9283109808757473,0.026036996850702154,2,smooth1_all,0.6,5,4.101;1.304;1.883;2.115;-0.126,13,0.03,REAL,3
vendor_03,1.8077644284507886,1.8954851766076322,0.08772074815684361,1,smooth1_top25,0.6,5,4.191;1.106;2.038;2.054;-0.338,13,0.025,REAL,4
vendor_10,0.9204093828544481,0.9746695762255997,0.05426019337115162,0,smooth1_top25,1.0,5,2.276;-2.538;2.687;-0.766;2.691,13,0.0,fake,5
vendor_04,0.8748284082097828,1.3800003698303493,0.5051719616205665,1,smooth20_top25,0.8,5,2.435;1.180;1.019;0.014;-0.340,13,0.01,REAL,6
vendor_08,0.40516832133469266,0.8979797932583008,0.49281147192360814,3,smooth1_top50,0.4,5,0.799;0.732;-2.192;2.022;1.156,13,0.0,fake,7
vendor_11,0.3101939887676443,0.3207210204266902,0.010527031659045893,0,smooth20_top25,1.0,5,0.740;0.275;1.474;0.043;-1.124,13,0.0,fake,8
vendor_06,0.29644298412295883,0.45348839378615524,0.1570454096631964,1,smooth20_top25,0.8,5,-0.793;1.052;0.370;0.865;-0.147,13,0.0,fake,9
vendor_09,0.24781985436159032,0.3323895322158014,0.0845696778542111,1,smooth1_all,0.6,5,-0.741;3.736;0.143;-0.756;-0.227,13,0.0,fake,10
vendor_07,-0.5331675044852723,-0.1694651819632575,0.3637023225220148,3,smooth5_top25,0.4,5,1.467;-0.046;-2.591;-0.390;-0.788,13,0.0,fake,11
vendor_05,-0.6006189594086848,0.44420989477352946,1.0448288541822142,3,smooth1_top50,0.4,5,-1.272;-0.144;-0.243;-1.599;0.544,13,0.0,fake,12
vendor_00,1.0229924464462097,1.1569499128360308,0.1339574663898211,1,smooth1_top50,0.8,5,-1.475;0.853;3.834;0.741;1.387,14,0.05,REAL,1
vendor_01,1.0229924464462097,1.1569499128360308,0.1339574663898211,1,smooth1_top50,0.8,5,-1.475;0.853;3.834;0.741;1.387,14,0.04,REAL,2
vendor_09,0.885767995280071,1.1638228159848079,0.27805482070473686,0,smooth1_top25,1.0,5,2.188;0.597;1.054;0.898;-0.359,14,0.0,fake,3
vendor_04,0.8282410895914479,1.086728524876195,0.25848743528474716,2,smooth20_all,0.4,5,0.048;0.583;1.646;0.516;0.945,14,0.01,REAL,4
vendor_08,0.6703281847615101,0.6684045721635035,-0.0019236125980066632,1,smooth20_top25,0.6,5,2.517;-0.271;0.067;0.461;0.731,14,0.0,fake,5
vendor_02,0.6086807807800869,0.7272940473106924,0.11861326653060544,1,smooth5_top50,0.8,5,-2.964;0.166;4.008;0.788;0.555,14,0.03,REAL,6
vendor_10,0.2797037861854283,0.9377983308280166,0.6580945446425883,3,smooth1_top50,0.4,5,0.827;-0.174;0.170;0.893;-0.258,14,0.0,fake,7
vendor_03,0.17320443337273983,0.5103799959126479,0.3371755625399081,3,smooth5_top25,0.4,5,-1.150;0.215;1.399;-1.526;2.171,14,0.025,REAL,8
vendor_06,0.006504672710168421,0.4201958607885413,0.4136911880783729,2,smooth20_top50,0.8,5,-0.968;3.242;-0.714;-0.223;-0.933,14,0.0,fake,9
vendor_11,-0.08112161154518367,0.5180128136115117,0.5991344251566955,2,smooth20_top50,0.6,5,0.030;-0.910;-0.111;-0.176;1.024,14,0.0,fake,10
vendor_07,-0.5051968060198327,0.49134505768637576,0.9965418637062085,3,smooth20_top50,0.4,5,-3.834;0.968;0.911;0.635;-0.902,14,0.0,fake,11
vendor_05,-0.5279482137292493,0.033096058453780615,0.5610442721830299,2,smooth1_top25,0.4,5,-1.432;1.932;-3.744;-1.218;1.790,14,0.0,fake,12
vendor_04,1.3721453040086813,1.3721453040086813,0.0,0,smooth1_all,1.0,5,1.599;0.522;3.969;2.105;-1.088,15,0.01,REAL,1
vendor_00,1.2534255674677042,1.4111487943127532,0.15772322684504902,1,smooth1_top25,0.6,5,2.308;0.382;1.361;0.298;1.775,15,0.05,REAL,2
vendor_01,1.2534255674677042,1.4111487943127532,0.15772322684504902,1,smooth1_top25,0.6,5,2.308;0.382;1.361;0.298;1.775,15,0.04,REAL,3
vendor_03,1.0365886041444132,1.2483529394218273,0.21176433527741412,3,smooth20_all,0.6,5,0.732;-0.176;0.302;2.945;1.450,15,0.025,REAL,4
vendor_02,0.9344200115333016,1.2017689461257897,0.2673489345924881,3,smooth1_all,0.4,5,1.898;-0.458;1.036;-0.303;1.819,15,0.03,REAL,5
vendor_05,0.5665033896143041,0.4277204489116275,-0.1387829407026766,2,smooth5_all,0.6,5,2.132;0.133;-1.449;-0.501;1.314,15,0.0,fake,6
vendor_06,0.1913873417018557,1.036411715905646,0.8450243742037904,0,smooth20_top25,1.0,5,-0.277;0.182;1.375;1.630;-2.104,15,0.0,fake,7
vendor_11,0.18514379564098019,0.6315223192843951,0.4463785236434149,3,smooth20_all,0.4,5,1.488;-2.706;0.844;0.043;0.710,15,0.0,fake,8
vendor_08,-0.05567762744323251,0.052193118494464306,0.10787074593769681,1,smooth20_all,0.8,5,-0.985;0.997;-0.384;-2.654;1.944,15,0.0,fake,9
vendor_10,-0.26212290296987245,-0.13016112156622633,0.13196178140364612,1,smooth1_top50,0.6,5,-2.116;0.068;0.306;0.089;0.833,15,0.0,fake,10
vendor_07,-0.4929645898933249,0.14100304811932715,0.6339676380126521,2,smooth5_top50,0.6,5,-1.674;1.914;-1.840;0.623;-1.726,15,0.0,fake,11
vendor_09,-0.854581625951136,0.27567271225809575,1.1302543382092316,2,smooth5_top50,0.8,5,1.535;0.521;-1.521;-1.388;-3.393,15,0.0,fake,12
vendor_00,0.8187913236255744,1.0238473897508664,0.20505606612529204,3,smooth1_top50,0.6,5,0.424;2.324;0.533;-1.173;1.844,16,0.05,REAL,1
vendor_01,0.8187913236255744,1.0238473897508664,0.20505606612529204,3,smooth1_top50,0.6,5,0.424;2.324;0.533;-1.173;1.844,16,0.04,REAL,2
vendor_02,0.8187913236255744,1.0238473897508664,0.20505606612529204,3,smooth1_top50,0.6,5,0.424;2.324;0.533;-1.173;1.844,16,0.03,REAL,3
vendor_03,0.798655474612666,1.090462248104417,0.2918067734917511,3,smooth1_all,0.4,5,0.712;2.043;0.478;-1.052;1.740,16,0.025,REAL,4
vendor_06,0.3229433564299481,0.947384475272072,0.6244411188421239,1,smooth1_top25,0.8,5,1.513;0.072;-1.260;1.852;-0.531,16,0.0,fake,5
vendor_10,0.2061258251239197,0.31691593049821704,0.11079010537429734,3,smooth1_top25,0.4,5,0.277;0.209;-0.231;1.292;-0.263,16,0.0,fake,6
vendor_08,0.11415557542584157,0.1658126672613771,0.051657091835535546,2,smooth1_top50,0.8,5,-0.057;0.341;-0.114;1.032;-0.539,16,0.0,fake,7
vendor_04,-0.051635760524089226,0.3645941092195479,0.4162298697436371,1,smooth20_top50,0.8,5,-1.954;1.746;1.833;-2.846;0.689,16,0.01,REAL,8
vendor_11,-0.12263223233195364,0.9888594286016681,1.1114916609336216,1,smooth20_top50,0.8,5,0.705;-0.783;-0.332;-2.883;3.312,16,0.0,fake,9
vendor_09,-0.396333447930764,-0.1586307468944092,0.23770270103635482,1,smooth1_top50,0.8,5,-0.013;-0.476;-1.427;0.193;-0.233,16,0.0,fake,10
vendor_05,-0.5514927120930424,-0.5129079642655596,0.03858474782748278,2,smooth20_all,0.6,5,-0.030;0.195;-2.169;0.248;-0.566,16,0.0,fake,11
vendor_07,-0.8500230146300197,-0.43799600314043025,0.4120270114895895,0,smooth5_top50,1.0,5,-1.759;0.048;-1.216;-1.393;-0.064,16,0.0,fake,12
vendor_03,1.7462941612426792,1.8870163684193781,0.14072220717669892,3,smooth1_top50,0.4,5,4.132;1.242;0.521;1.254;1.325,17,0.025,REAL,1
vendor_01,1.2386079352209223,2.0818027399149672,0.843194804694045,4,smooth5_top50,0.2,5,2.544;1.708;-1.156;2.129;1.322,17,0.04,REAL,2
vendor_02,1.238607935220922,2.0818027399149672,0.8431948046940452,4,smooth5_top50,0.2,5,2.544;1.708;-1.156;2.129;1.322,17,0.03,REAL,3
vendor_00,1.2386079352209218,2.0818027399149672,0.8431948046940454,4,smooth5_top50,0.2,5,2.544;1.708;-1.156;2.129;1.322,17,0.05,REAL,4
vendor_04,0.5403421855703605,0.4644345000555161,-0.07590768551484439,2,smooth20_top50,0.6,5,1.440;1.265;-0.995;1.033;-0.567,17,0.01,REAL,5
vendor_09,0.20112966535077792,0.6716792306207034,0.47054956526992553,3,smooth1_top25,0.4,5,-1.032;-1.501;1.911;1.095;0.309,17,0.0,fake,6
vendor_06,-0.248352709403558,-0.15889760127690736,0.08945510812665064,3,smooth1_top50,0.6,5,-0.588;-1.691;-0.365;-1.100;2.404,17,0.0,fake,7
vendor_07,-0.3228846201945029,0.06886489178233386,0.3917495119768368,1,smooth1_top50,0.6,5,0.004;0.432;-0.534;-0.820;-0.987,17,0.0,fake,8
vendor_05,-0.42751837241791785,0.12927439167781107,0.5567927640957289,3,smooth5_all,0.6,5,1.411;0.095;0.188;-0.406;-3.694,17,0.0,fake,9
vendor_08,-0.6322573272776618,0.18772144889217424,0.819978776169836,1,smooth1_top25,0.6,5,-1.792;1.000;-0.005;-0.672;-2.034,17,0.0,fake,10
vendor_11,-0.6892630050205292,0.1321658768830657,0.8214288819035949,3,smooth1_top25,0.4,5,-1.729;1.519;-1.763;-1.116;-0.505,17,0.0,fake,11
vendor_10,-1.1694247542949312,0.33137080783901396,1.5007955621339453,1,smooth1_top25,0.8,5,-2.082;0.066;0.036;-2.471;-1.659,17,0.0,fake,12
vendor_02,1.668776211447648,1.607399511501658,-0.061376699945990154,2,smooth1_top50,0.6,5,2.695;1.447;3.417;1.390;-0.277,18,0.03,REAL,1
vendor_00,1.6206996220071277,1.609475587434121,-0.011224034573006803,1,smooth1_top25,0.8,5,2.951;1.541;3.435;0.488;-0.319,18,0.05,REAL,2
vendor_01,1.6206996220071277,1.609475587434121,-0.011224034573006803,1,smooth1_top25,0.8,5,2.951;1.541;3.435;0.488;-0.319,18,0.04,REAL,3
vendor_03,0.7884680207196366,1.5723176325273054,0.7838496118076688,2,smooth5_all,0.6,5,0.867;0.027;2.342;2.213;-0.674,18,0.025,REAL,4
vendor_06,0.7401541352095924,0.7708554454294544,0.030701310219862,3,smooth1_top50,0.6,5,0.130;1.287;1.200;-0.521;1.379,18,0.0,fake,5
vendor_09,0.5835759061230092,0.5043439426772426,-0.07923196344576666,1,smooth1_top25,0.6,5,0.510;-1.689;2.723;-0.865;1.494,18,0.0,fake,6
vendor_05,0.5349714700632069,0.6923156385376403,0.15734416847443344,2,smooth5_top50,0.6,5,0.225;-0.765;3.075;0.440;-0.004,18,0.0,fake,7
vendor_08,-0.030068732002001313,0.3254203611239952,0.3554890931259965,1,smooth20_top50,0.8,5,0.616;-2.334;0.052;0.855;0.569,18,0.0,fake,8
vendor_10,-0.19445950675455678,-0.19445950675455678,0.0,0,smooth5_top25,1.0,5,0.295;-2.416;0.733;1.382;-0.533,18,0.0,fake,9
vendor_04,-0.38022340598808585,0.9052820256720606,1.2855054316601464,3,smooth20_all,0.6,5,0.786;-2.354;0.826;-0.176;-1.599,18,0.01,REAL,10
vendor_07,-0.42898422699456573,0.716963684021938,1.1459479110165036,2,smooth1_top50,0.6,5,-1.621;0.771;-0.365;-1.615;0.734,18,0.0,fake,11
vendor_11,-0.4727855868149565,-0.005998291122777399,0.46678729569217914,0,smooth5_all,1.0,5,-0.032;-1.677;-1.503;2.477;-1.793,18,0.0,fake,12
vendor_00,2.333889061510427,2.4052033737654384,0.07131431225501128,0,smooth5_all,1.0,5,3.320;3.311;1.369;1.140;2.547,19,0.05,REAL,1
vendor_02,2.0087783764016716,2.764849406163249,0.7560710297615776,4,smooth20_top50,0.4,5,2.033;3.138;2.246;-0.483;2.917,19,0.03,REAL,2
vendor_07,1.346765339440948,1.3523606404714672,0.005595301030519195,0,smooth1_top25,1.0,5,0.098;1.102;0.502;1.298;3.719,19,0.0,fake,3
vendor_01,1.3298910312042687,2.0492300919105837,0.719339060706315,2,smooth20_top25,0.4,5,2.150;1.976;0.604;-0.176;2.181,19,0.04,REAL,4
vendor_03,1.1036870003770933,1.352176849005265,0.2484898486281717,1,smooth20_top25,0.8,5,3.520;0.561;0.641;0.546;0.433,19,0.025,REAL,5
vendor_08,0.9583537752661443,0.788489289722619,-0.1698644855435253,2,smooth5_top50,0.8,5,1.225;0.587;0.900;3.077;-1.079,19,0.0,fake,6
vendor_10,0.6151895556387836,0.7027625459214637,0.08757299028268006,1,smooth1_top50,0.8,5,0.121;2.300;1.251;-1.400;0.730,19,0.0,fake,7
vendor_04,0.5664333126117694,0.6746524248635546,0.10821911225178515,1,smooth5_top25,0.8,5,-0.099;1.099;2.718;-1.595;0.581,19,0.01,REAL,8
vendor_06,0.19706439346431182,0.2659658002275876,0.06890140676327577,2,smooth20_top50,0.8,5,-1.533;1.186;0.265;0.048;0.968,19,0.0,fake,9
vendor_09,-0.10784373000945574,-0.23141359175293116,-0.12356986174347542,2,smooth20_top50,0.8,5,-0.932;-0.711;0.790;-1.893;2.259,19,0.0,fake,10
vendor_11,-0.2199667961141324,0.6697203641317417,0.8896871602458741,2,smooth5_top25,0.6,5,1.208;-3.431;1.005;-1.463;1.584,19,0.0,fake,11
vendor_05,-1.6517762205720656,-0.08281520914564014,1.5689610114264254,3,smooth20_top25,0.4,5,-2.264;-3.038;1.037;-2.945;-1.396,19,0.0,fake,12
vendor_00,1.835092135861464,2.081628243623004,0.24653610776153978,1,smooth5_all,0.8,5,2.116;2.019;0.332;2.534;2.120,20,0.05,REAL,1
vendor_03,1.6857772145956937,1.8065927868341343,0.12081557223844053,1,smooth5_all,0.8,5,1.129;2.097;0.011;3.112;2.337,20,0.025,REAL,2
vendor_01,1.6309767884694106,1.9310413359426848,0.30006454747327416,1,smooth5_all,0.8,5,1.886;1.930;-0.137;2.450;1.982,20,0.04,REAL,3
vendor_10,0.9623671858655044,1.2208930011074717,0.25852581524196727,1,smooth20_top25,0.8,5,1.904;-0.425;4.187;-1.714;1.486,20,0.0,fake,4
vendor_09,0.912903829987222,0.9687386937933096,0.0558348638060876,1,smooth1_top25,0.8,5,2.767;-0.570;3.351;0.798;-1.163,20,0.0,fake,5
vendor_07,0.8287317465259435,1.1488076791011559,0.3200759325752124,3,smooth1_top50,0.4,5,-0.016;0.949;0.972;1.145;1.330,20,0.0,fake,6
vendor_02,0.6108286416875868,1.181859633015221,0.5710309913276341,2,smooth5_top50,0.8,5,1.162;1.218;-1.267;0.241;1.487,20,0.03,REAL,7
vendor_05,0.024635653199885376,1.3498312985452439,1.3251956453453584,3,smooth1_all,0.6,5,0.813;-1.527;1.201;0.794;-0.010,20,0.0,fake,8
vendor_04,-0.22017459571031384,0.15292118169591556,0.3730957774062294,2,smooth20_top25,0.8,5,-2.405;-0.624;0.085;-0.393;2.199,20,0.01,REAL,9
vendor_06,-0.4105559041786575,0.07237961482336736,0.48293551900202486,1,smooth1_top25,0.6,5,0.727;-0.973;-1.519;-0.226;0.106,20,0.0,fake,10
vendor_11,-1.14521218472056,0.06181202058109515,1.2070242053016553,3,smooth1_top50,0.6,5,-2.113;1.183;-1.534;-2.671;-0.161,20,0.0,fake,11
vendor_08,-1.2313236680798467,-0.6083922106732454,0.6229314574066013,1,smooth5_all,0.8,5,-1.595;-2.059;1.041;-1.651;-1.927,20,0.0,fake,12
vendor_03,1.8817682058687304,2.262768786125922,0.38100058025719163,1,smooth1_all,0.6,5,0.868;3.195;1.350;1.642;2.456,21,0.025,REAL,1
vendor_02,1.7493187251966347,1.6894277809468379,-0.059890944249796796,3,smooth5_top50,0.4,5,0.319;1.930;1.506;2.806;2.022,21,0.03,REAL,2
vendor_01,1.6380399462511595,1.7535722834019687,0.11553233715080924,1,smooth5_top50,0.6,5,0.815;1.632;1.334;2.154;2.253,21,0.04,REAL,3
vendor_00,1.6380399462511595,1.7535722834019687,0.11553233715080924,1,smooth5_top50,0.6,5,0.815;1.632;1.334;2.154;2.253,21,0.05,REAL,4
vendor_04,0.8083403810044195,0.8766422633934808,0.06830188238906132,1,smooth1_all,0.8,5,1.067;0.644;-0.027;0.979;1.193,21,0.01,REAL,5
vendor_05,0.7559096240728841,0.9513825336980901,0.19547290962520603,2,smooth1_top25,0.4,5,-0.671;1.516;2.148;-0.270;0.559,21,0.0,fake,6
vendor_10,0.534145551386972,0.8926721527345265,0.35852660134755454,2,smooth20_top25,0.4,5,0.933;0.562;-1.818;-0.011;2.782,21,0.0,fake,7
vendor_11,0.38681452503779484,0.4839040856534994,0.09708956061570456,2,smooth20_top50,0.8,5,2.174;-0.022;0.061;1.729;-1.708,21,0.0,fake,8
vendor_07,0.38044748289916447,0.48229507631458024,0.10184759341541577,1,smooth20_top50,0.6,5,-0.253;1.081;0.737;1.304;-0.843,21,0.0,fake,9
vendor_06,-0.010596333196639834,0.010357884398957884,0.020954217595597718,2,smooth20_top50,0.4,5,-1.306;1.874;-1.652;-1.158;1.689,21,0.0,fake,10
vendor_09,-0.08913595362306147,0.4614734776719623,0.5506094312950237,3,smooth5_top50,0.6,5,-0.895;1.917;-0.498;-0.962;-0.293,21,0.0,fake,11
vendor_08,-0.3647164310469232,-0.3031822444145961,0.06153418663232707,3,smooth5_top25,0.6,5,-0.277;0.523;-0.929;-1.838;0.174,21,0.0,fake,12
vendor_03,1.6051249068941433,1.6418250770550038,0.03670017016086047,1,smooth20_top25,0.8,5,0.531;1.391;1.540;2.393;1.998,22,0.025,REAL,1
vendor_00,1.5810995820146145,1.8041141845846689,0.22301460257005434,2,smooth1_top25,0.4,5,0.519;-0.703;3.710;2.680;2.351,22,0.05,REAL,2
vendor_01,1.5295593372924583,1.6522887610216568,0.12272942372919848,1,smooth1_top50,0.6,5,0.284;0.842;2.849;2.519;1.660,22,0.04,REAL,3
vendor_02,1.2766760784070306,1.8822093746136213,0.6055332962065907,2,smooth1_top25,0.4,5,-0.737;-0.007;0.463;4.236;2.522,22,0.03,REAL,4
vendor_04,1.1636295082814987,0.7655716103658285,-0.39805789791567014,2,smooth20_top25,0.4,5,1.563;0.033;-0.034;1.430;2.850,22,0.01,REAL,5
vendor_05,0.7165567633313651,0.8029087772759516,0.08635201394458647,2,smooth20_top25,0.6,5,1.540;0.762;-0.262;1.598;0.373,22,0.0,fake,6
vendor_09,0.5671236198118346,1.1024995712158392,0.5353759514040046,2,smooth1_top25,0.6,5,0.051;3.316;-0.912;1.490;-0.679,22,0.0,fake,7
vendor_10,0.1567827215519622,0.1567827215519622,0.0,0,smooth5_top25,1.0,5,-0.782;0.135;0.841;1.666;-1.353,22,0.0,fake,8
vendor_06,-0.06551671927766525,1.2532524402218925,1.3187691594995579,3,smooth1_top25,0.4,5,-0.478;-0.272;-1.743;-0.004;1.856,22,0.0,fake,9
vendor_07,-0.11088133130388748,0.10310049831577066,0.21398182961965814,0,smooth1_top25,1.0,5,-0.505;-0.082;0.479;0.216;-0.690,22,0.0,fake,10
vendor_08,-0.2527178439788246,-0.22987574896861196,0.022842095010212615,2,smooth1_top25,0.6,5,-1.318;0.600;-1.320;-0.617;1.049,22,0.0,fake,11
vendor_11,-0.3603382596556714,-0.2785906010584349,0.08174765859723648,2,smooth5_top25,0.4,5,-1.065;2.066;-0.098;-1.766;-1.515,22,0.0,fake,12
vendor_00,2.3071914274846868,2.3071914274846868,0.0,0,smooth1_top50,1.0,5,1.701;3.287;1.897;2.812;1.841,23,0.05,REAL,1
vendor_01,2.3071914274846868,2.3071914274846868,0.0,0,smooth1_top50,1.0,5,1.701;3.287;1.897;2.812;1.841,23,0.04,REAL,2
vendor_02,2.188569274926314,2.577943050507242,0.3893737755809279,2,smooth1_all,0.4,5,1.362;2.706;2.534;3.077;1.488,23,0.03,REAL,3
vendor_03,1.409807079778732,2.1078738713010505,0.6980667915223184,2,smooth5_top50,0.6,5,0.609;1.962;1.490;1.878;1.276,23,0.025,REAL,4
vendor_10,0.9907274572016039,0.9946205177885514,0.0038930605869474944,0,smooth5_top25,1.0,5,0.663;1.873;1.814;-1.538;2.117,23,0.0,fake,5
vendor_05,0.8906063983874815,0.9837030774044672,0.0930966790169857,3,smooth1_top50,0.4,5,1.449;1.324;1.425;0.452;-0.502,23,0.0,fake,6
vendor_06,0.7743299594331969,1.0377541374652592,0.2634241780320623,1,smooth5_top25,0.8,5,0.626;1.210;1.040;0.345;0.651,23,0.0,fake,7
vendor_04,0.23320693411634388,0.6756434817329937,0.44243654761664986,4,smooth20_top25,0.4,5,-1.697;3.687;-1.054;0.723;-0.289,23,0.01,REAL,8
vendor_08,0.07516935507501696,0.5311818123606581,0.4560124572856411,3,smooth20_top25,0.6,5,-0.506;0.620;0.476;-0.346;0.143,23,0.0,fake,9
vendor_07,-0.051152386371315035,0.09445213118050347,0.1456045175518185,0,smooth1_all,1.0,5,-1.196;0.763;-0.226;-0.312;0.709,23,0.0,fake,10
vendor_09,-0.4715363035394799,0.40993748214263337,0.8814737856821133,1,smooth5_all,0.8,5,-1.557;1.711;-1.840;0.091;-0.262,23,0.0,fake,11
vendor_11,-1.07393671375782,-0.09230703706531251,0.9816296766925074,2,smooth1_top25,0.4,5,-1.735;-0.495;-2.707;-0.856;0.569,23,0.0,fake,12
vendor_00,1.8485685852374847,2.4039989621725306,0.5554303769350459,1,smooth5_top25,0.6,5,2.466;2.603;3.527;0.616;0.194,24,0.05,REAL,1
vendor_01,1.8485685852374847,2.4039989621725306,0.5554303769350459,1,smooth5_top25,0.6,5,2.466;2.603;3.527;0.616;0.194,24,0.04,REAL,2
vendor_03,1.784313733961831,2.1744687983039297,0.3901550643420988,2,smooth5_top25,0.6,5,2.310;1.764;3.877;0.721;0.454,24,0.025,REAL,3
vendor_02,1.4505530141946144,1.9055309837041559,0.4549779695095415,2,smooth1_top25,0.6,5,1.388;2.540;3.029;0.504;-0.590,24,0.03,REAL,4
vendor_11,0.843645776984383,0.843645776984383,0.0,0,smooth1_top50,1.0,5,1.831;2.420;1.626;-1.730;0.171,24,0.0,fake,5
vendor_06,0.4403633705781584,0.6891730293672871,0.2488096587891287,3,smooth5_top25,0.4,5,-1.249;-1.201;2.150;1.329;0.905,24,0.0,fake,6
vendor_04,0.4099685717711378,1.137018495825413,0.7270499240542752,2,smooth5_top25,0.4,5,1.531;0.069;0.818;2.259;-2.709,24,0.01,REAL,7
vendor_07,-0.0734342207465378,0.49034471346616815,0.563778934212706,2,smooth5_top25,0.6,5,1.032;-0.312;-2.367;1.337;0.703,24,0.0,fake,8
vendor_08,-0.16525527135872511,0.23499919153793722,0.40025446289666233,0,smooth1_top25,1.0,5,1.329;1.323;-1.792;-0.821;-0.930,24,0.0,fake,9
vendor_09,-0.2351569746770589,0.59415217064246,0.8293091453195188,3,smooth5_top50,0.6,5,-0.830;1.150;2.476;-3.898;0.301,24,0.0,fake,10
vendor_05,-0.5008273119366089,0.8511583691331924,1.3519856810698014,1,smooth20_all,0.6,5,-2.028;1.263;-2.597;-0.320;1.198,24,0.0,fake,11
vendor_10,-1.1108411741235584,-0.3062437293614203,0.8045974447621381,2,smooth20_top50,0.4,5,-2.350;0.070;-1.406;-0.180;-1.550,24,0.0,fake,12
vendor_00,2.706733997364091,2.716232310572144,0.009498313208053055,2,smooth1_top25,0.6,5,3.650;2.967;2.062;0.987;4.637,25,0.05,REAL,1
vendor_01,2.706733997364091,2.716232310572144,0.009498313208053055,2,smooth1_top25,0.6,5,3.650;2.967;2.062;0.987;4.637,25,0.04,REAL,2
vendor_02,2.522074297808785,2.8648313247830965,0.34275702697431143,2,smooth1_top25,0.6,5,3.348;2.237;2.690;1.895;2.662,25,0.03,REAL,3
vendor_04,1.7317098197446472,1.8812830532880669,0.14957323354341967,4,smooth20_top50,0.6,5,3.578;1.759;0.044;0.616;2.693,25,0.01,REAL,4
vendor_03,1.5322582655295414,1.8764410332954151,0.34418276776587375,2,smooth20_top50,0.4,5,4.118;0.005;-0.806;0.306;5.316,25,0.025,REAL,5
vendor_05,0.9535726454595853,1.4074734354855813,0.45390079002599604,2,smooth20_top25,0.6,5,-1.025;0.981;0.949;2.761;1.055,25,0.0,fake,6
vendor_09,0.8360336808861422,1.140179503217388,0.3041458223312459,4,smooth20_all,0.4,5,2.006;0.288;0.142;0.356;1.204,25,0.0,fake,7
vendor_10,0.7624106271648313,0.85574370431603,0.09333307715119865,2,smooth1_all,0.4,5,0.722;-0.005;1.964;2.238;-1.300,25,0.0,fake,8
vendor_07,-0.11608728222023318,0.004249346323319577,0.12033662854355276,1,smooth20_all,0.8,5,-1.267;0.285;-0.368;0.107;1.297,25,0.0,fake,9
vendor_08,-0.15143662014416956,-0.024083477416334032,0.12735314272783552,2,smooth20_top25,0.4,5,-1.791;-1.564;0.317;0.513;0.528,25,0.0,fake,10
vendor_11,-0.16309329916899434,0.09246170866463681,0.25555500783363116,2,smooth20_all,0.4,5,-3.214;-2.111;2.148;0.638;0.370,25,0.0,fake,11
vendor_06,-0.6569674215526615,0.7749027976786685,1.43187021923133,4,smooth5_top50,0.4,5,-1.024;-2.205;-0.127;0.169;0.122,25,0.0,fake,12
vendor_00,1.83153208094211,1.941409154609254,0.10987707366714394,1,smooth1_top25,0.6,5,1.346;1.983;1.722;4.327;0.195,26,0.05,REAL,1
vendor_06,1.1652187911668532,1.2668778134921521,0.10165902232529889,3,smooth1_top25,0.4,5,1.002;0.287;3.438;0.222;0.671,26,0.0,fake,2
vendor_02,0.9364407467222738,1.3083464383321919,0.37190569160991804,2,smooth1_top25,0.4,5,0.563;0.182;1.462;2.173;0.589,26,0.03,REAL,3
vendor_01,0.9137813918023926,1.2642656764225901,0.35048428462019754,3,smooth5_top50,0.6,5,1.719;1.300;0.296;2.603;-1.291,26,0.04,REAL,4
vendor_03,0.6466661008623604,1.4547849392989787,0.8081188384366182,3,smooth1_all,0.4,5,1.361;-1.475;2.176;-0.186;0.738,26,0.025,REAL,5
vendor_05,0.5089658001550373,0.5089658001550373,0.0,0,smooth20_top25,1.0,5,-0.051;-0.176;0.830;1.752;0.191,26,0.0,fake,6
vendor_09,0.4450478091316166,1.3306218904543428,0.8855740813227262,2,smooth20_top25,0.4,5,1.000;-0.928;-0.792;2.393;0.624,26,0.0,fake,7
vendor_04,0.02983482605645373,0.015961592339586616,-0.013873233716867113,2,smooth5_top50,0.8,5,0.164;2.143;-0.440;0.072;-2.401,26,0.01,REAL,8
vendor_10,-0.18463414108993664,0.7752229233676595,0.9598570644575961,3,smooth5_top25,0.4,5,-2.478;1.420;-0.162;-0.493;1.365,26,0.0,fake,9
vendor_07,-0.6134667505863918,0.2664424764290033,0.8799092270153951,2,smooth1_top25,0.6,5,-1.182;-0.878;-0.599;-1.323;0.639,26,0.0,fake,10
vendor_11,-1.0001958861004256,-0.8632923926957078,0.13690349340471786,2,smooth1_top25,0.4,5,-1.139;-0.630;-1.183;-0.518;-1.451,26,0.0,fake,11
vendor_08,-1.18032936106718,-0.7305150310587942,0.44981433000838567,0,smooth1_top25,1.0,5,-0.380;-2.309;0.816;-3.593;-1.083,26,0.0,fake,12
vendor_00,3.1580939745917758,3.0358974671041996,-0.12219650748757616,1,smooth1_top50,0.6,5,0.816;2.815;4.536;4.620;2.762,27,0.05,REAL,1
vendor_03,2.42091250135779,2.45897752150166,0.03806502014387014,1,smooth5_top50,0.8,5,2.591;1.779;2.992;2.876;1.946,27,0.025,REAL,2
vendor_01,2.387076017701434,2.5481141150479214,0.16103809734648733,4,smooth1_top25,0.4,5,-0.182;3.784;3.951;3.215;1.936,27,0.04,REAL,3
vendor_04,1.2877711266437966,1.2629332645833662,-0.02483786206043037,1,smooth1_top50,0.6,5,0.385;1.264;3.211;0.832;1.013,27,0.01,REAL,4
vendor_02,0.6042493024714484,0.9716936956583592,0.3674443931869108,3,smooth20_all,0.4,5,-0.388;-0.492;1.165;0.975;2.076,27,0.03,REAL,5
vendor_07,0.5597932028147058,1.0815094760747808,0.521716273260075,4,smooth20_top50,0.4,5,2.006;2.095;-1.023;-0.392;0.409,27,0.0,fake,6
vendor_05,0.35239459651591687,0.6843966717560543,0.3320020752401375,2,smooth1_top25,0.6,5,-0.931;-0.802;0.577;3.547;-0.739,27,0.0,fake,7
vendor_11,0.15144646927785155,1.4286186768201068,1.2771722075422551,3,smooth20_top50,0.4,5,-1.582;0.658;0.792;0.119;0.704,27,0.0,fake,8
vendor_09,-0.009928759263272403,-0.09362470948431331,-0.08369595022104091,2,smooth5_top25,0.8,5,0.476;-0.911;-1.371;0.505;1.348,27,0.0,fake,9
vendor_10,-0.310144024867617,-0.310144024867617,0.0,0,smooth1_all,1.0,5,-0.104;-0.122;-2.690;0.559;0.814,27,0.0,fake,10
vendor_08,-0.3380666340297902,-0.19570919266586426,0.14235744136392595,2,smooth20_top25,0.4,5,-1.108;0.194;-0.960;-0.047;0.167,27,0.0,fake,11
vendor_06,-0.7270435852993506,0.29675842281350173,1.0238020081128525,1,smooth20_top25,0.6,5,-0.463;-0.428;-2.136;-1.619;1.249,27,0.0,fake,12
vendor_00,0.8300058855804134,0.8449461144602016,0.014940228879788187,0,smooth1_all,1.0,5,3.020;-1.066;0.690;1.436;0.459,28,0.05,REAL,1
vendor_01,0.8300058855804134,0.8449461144602016,0.014940228879788187,0,smooth1_all,1.0,5,3.020;-1.066;0.690;1.436;0.459,28,0.04,REAL,2
vendor_02,0.8092658092244636,0.8092658092244636,0.0,0,smooth1_all,1.0,5,2.629;-0.876;0.653;0.936;0.903,28,0.03,REAL,3
vendor_03,0.7956504063373809,0.8560724512035104,0.060422044866129454,1,smooth1_top25,0.6,5,2.228;-0.316;0.697;0.248;1.396,28,0.025,REAL,4
vendor_11,0.6849054334731688,0.7562945194272052,0.07138908595403637,1,smooth20_top50,0.6,5,-2.574;2.877;0.532;0.014;2.806,28,0.0,fake,5
vendor_04,0.28538389940244646,0.5588057083058794,0.27342180890343293,4,smooth5_top25,0.4,5,1.177;0.963;0.667;-0.064;-1.199,28,0.01,REAL,6
vendor_09,0.15529531075031147,0.29084618753880875,0.13555087678849728,1,smooth20_top25,0.8,5,0.331;0.266;0.949;-1.628;0.837,28,0.0,fake,7
vendor_07,0.11470366172999359,0.3659500521123103,0.2512463903823167,0,smooth1_all,1.0,5,-2.118;2.301;-0.427;-0.665;1.316,28,0.0,fake,8
vendor_08,-0.012491641299343072,0.3289225790295357,0.34141422032887875,1,smooth20_top25,0.8,5,-1.048;-0.643;-1.273;1.329;1.532,28,0.0,fake,9
vendor_06,-0.3413097962741464,0.12952689958876093,0.47083669586290733,2,smooth5_top25,0.8,5,1.921;-0.162;-2.111;0.313;-1.403,28,0.0,fake,10
vendor_10,-0.7923922504402827,0.4712860415063772,1.2636782919466598,4,smooth5_top25,0.4,5,-1.097;-0.095;-3.077;-0.142;0.294,28,0.0,fake,11
vendor_05,-0.8948295178311116,0.09783291754339475,0.9926624353745064,2,smooth20_top25,0.6,5,1.041;-0.426;-0.260;-0.827;-4.262,28,0.0,fake,12
vendor_02,1.554964521184707,1.3426157462568793,-0.21234877492782767,1,smooth5_all,0.6,5,2.739;1.673;-0.753;2.010;2.240,29,0.03,REAL,1
vendor_00,1.303777733620095,1.5336920315066966,0.22991429788660156,2,smooth5_top25,0.4,5,0.588;1.725;-0.078;1.128;3.082,29,0.05,REAL,2
vendor_03,1.0243361494734582,1.4008784164063082,0.37654226693285,3,smooth20_top50,0.4,5,1.689;-0.120;0.181;1.867;2.326,29,0.025,REAL,3
vendor_01,0.9813147076622436,1.5124986697742095,0.531183962111966,2,smooth1_all,0.4,5,0.502;1.773;-0.621;0.837;2.911,29,0.04,REAL,4
vendor_04,0.6491326256701706,0.8117901562374781,0.16265753056730747,0,smooth1_top25,1.0,5,-1.676;1.700;0.104;0.984;2.302,29,0.01,REAL,5
vendor_08,0.4168566145943345,0.3609373997230717,-0.05591921487126278,3,smooth5_top50,0.4,5,0.511;-0.046;1.250;-1.512;1.793,29,0.0,fake,6
vendor_06,0.3290547945870343,0.5238017691870193,0.19474697459998497,2,smooth20_top50,0.6,5,1.215;-1.128;0.725;1.141;-0.142,29,0.0,fake,7
vendor_05,0.2720236525982132,1.004412290302134,0.7323886377039208,3,smooth1_all,0.4,5,0.400;-0.341;-1.534;0.842;2.771,29,0.0,fake,8
vendor_09,0.05666690756509682,0.26467176908790047,0.20800486152280365,2,smooth1_top50,0.6,5,0.895;-3.219;0.579;1.651;0.959,29,0.0,fake,9
vendor_11,0.01404351335259964,0.310928409410224,0.29688489605762436,3,smooth5_top50,0.4,5,-0.058;-1.002;0.641;0.142;0.125,29,0.0,fake,10
vendor_10,-0.4560212835665292,0.22941603354206025,0.6854373171085895,2,smooth20_top50,0.6,5,-4.170;-1.242;-0.743;1.682;1.418,29,0.0,fake,11
vendor_07,-1.0170818411042206,-0.4162979242352811,0.6007839168689395,3,smooth20_top50,0.6,5,0.781;-1.693;-1.140;-3.085;-0.619,29,0.0,fake,12
vendor_01,1.5766130519594843,1.9860598938705716,0.40944684191108727,3,smooth5_top25,0.6,5,0.004;2.302;2.078;0.370;3.535,30,0.04,REAL,1
vendor_10,1.4406683771367546,1.4406683771367546,0.0,0,smooth20_top25,1.0,5,3.203;1.927;2.921;0.806;-1.534,30,0.0,fake,2
vendor_00,1.3700642285081794,1.911066641961863,0.5410024134536835,2,smooth1_all,0.8,5,1.117;3.021;0.565;0.242;2.668,30,0.05,REAL,3
vendor_11,0.8813619555873778,1.0045756608147256,0.12321370522734776,2,smooth20_all,0.6,5,1.538;1.365;-0.085;-0.403;1.721,30,0.0,fake,4
vendor_04,0.7293538256760589,0.9813766149918568,0.2520227893157979,2,smooth20_top50,0.8,5,2.988;3.107;-3.971;2.735;-0.224,30,0.01,REAL,5
vendor_02,0.7163860075174247,0.9891418572604764,0.2727558497430518,4,smooth20_top25,0.4,5,1.158;1.765;-1.496;1.949;0.784,30,0.03,REAL,6
vendor_08,0.2010549387459822,0.47435714091007614,0.27330220216409395,1,smooth20_top25,0.8,5,-1.398;-0.386;0.687;0.027;1.375,30,0.0,fake,7
vendor_09,0.06603299012570629,0.28684074291906003,0.22080775279335374,1,smooth5_top50,0.8,5,-0.713;-0.686;0.617;1.496;-0.612,30,0.0,fake,8
vendor_05,0.038604490386661854,0.4521403992680982,0.4135359088814363,2,smooth1_all,0.8,5,1.323;-0.228;0.222;-1.090;0.371,30,0.0,fake,9
vendor_07,-0.02674646944632859,0.08197320076521217,0.10871967021154076,4,smooth5_top50,0.2,5,2.481;0.826;-2.370;-0.169;-1.303,30,0.0,fake,10
vendor_06,-0.10080420756045869,0.11946497035215199,0.2202691779126107,2,smooth5_top50,0.6,5,-0.943;3.261;-0.037;0.227;-1.778,30,0.0,fake,11
vendor_03,-0.13833055797000737,0.8082137265630234,0.9465442845330307,4,smooth1_top50,0.2,5,0.147;2.000;-1.963;-0.592;0.488,30,0.025,REAL,12
vendor_07,1.3663850452840256,1.3663850452840256,0.0,0,smooth20_top25,1.0,5,1.240;1.149;-0.417;3.122;1.968,31,0.0,fake,1
vendor_00,1.3115016486602276,1.124488340001585,-0.18701330865864252,1,smooth1_all,0.6,5,2.864;1.539;2.474;-0.676;-0.466,31,0.05,REAL,2
vendor_01,1.3115016486602276,1.124488340001585,-0.18701330865864252,1,smooth1_all,0.6,5,2.864;1.539;2.474;-0.676;-0.466,31,0.04,REAL,3
vendor_03,1.1951505811036394,1.3209004310020123,0.1257498498983729,3,smooth20_top50,0.4,5,3.284;0.944;1.398;0.101;0.226,31,0.025,REAL,4
vendor_02,1.0604467297435385,1.0604467297435385,0.0,0,smooth1_top25,1.0,5,2.844;1.744;2.187;-1.417;-0.040,31,0.03,REAL,5
vendor_08,0.6023112570683473,0.8050178697810684,0.20270661271272106,2,smooth20_top25,0.6,5,0.822;-1.012;1.976;0.934;-0.082,31,0.0,fake,6
vendor_06,0.5629905160094996,0.7422542981493111,0.17926378213981153,2,smooth1_top25,0.6,5,-0.746;0.421;1.477;1.027;0.671,31,0.0,fake,7
vendor_09,0.5087320021058702,0.2739553516877577,-0.23477665041811252,2,smooth5_top25,0.4,5,-1.367;0.307;2.369;1.347;-0.751,31,0.0,fake,8
vendor_04,0.40511657857561034,0.28980732501757345,-0.1153092535580369,1,smooth1_all,0.8,5,0.391;1.327;1.607;-1.091;-0.090,31,0.01,REAL,9
vendor_05,0.26865466284432227,0.8248293876073309,0.5561747247630087,3,smooth20_all,0.4,5,0.066;1.626;-0.011;-1.659;1.372,31,0.0,fake,10
vendor_11,0.13583208164554011,0.8131812463455067,0.6773491646999665,1,smooth5_all,0.8,5,-1.644;1.433;0.985;-0.066;0.492,31,0.0,fake,11
vendor_10,-0.3263569444059897,0.37074189213470854,0.6970988365406983,2,smooth20_all,0.4,5,0.121;1.188;-1.253;-1.328;-0.223,31,0.0,fake,12
vendor_00,1.993773119413784,2.035627046628318,0.04185392721453396,1,smooth1_top25,0.8,5,2.265;2.918;2.165;1.236;1.191,32,0.05,REAL,1
vendor_01,1.993773119413784,2.035627046628318,0.04185392721453396,1,smooth1_top25,0.8,5,2.265;2.918;2.165;1.236;1.191,32,0.04,REAL,2
vendor_02,1.876187662109412,1.876187662109412,0.0,0,smooth1_top25,1.0,5,3.249;2.922;1.926;1.138;0.216,32,0.03,REAL,3
vendor_03,0.887878070586273,1.4497433276277776,0.5618652570415046,3,smooth20_top50,0.6,5,2.004;2.209;1.387;0.691;-1.932,32,0.025,REAL,4
vendor_04,0.617292627614828,0.617292627614828,0.0,0,smooth20_top25,1.0,5,2.183;2.477;-0.794;-0.577;-0.080,32,0.01,REAL,5
vendor_08,0.42334303836134085,1.36216631451051,0.9388232761491693,1,smooth1_top25,0.6,5,0.580;-0.169;0.170;1.445;0.520,32,0.0,fake,6
vendor_07,0.13815537879291923,0.6733298043887641,0.5351744255958448,2,smooth5_top25,0.6,5,-0.686;0.350;0.652;-0.072;0.412,32,0.0,fake,7
vendor_09,0.07480223301703204,0.8385261459076109,0.7637239128905788,0,smooth5_top25,1.0,5,1.710;-1.760;-0.207;0.698;-0.057,32,0.0,fake,8
vendor_11,-0.07207406811368011,0.5266271908520614,0.5987012589657416,2,smooth20_top50,0.6,5,1.705;0.826;-0.671;-1.644;-0.454,32,0.0,fake,9
vendor_10,-0.12398759437487417,0.038894334098780195,0.16288192847365435,1,smooth5_all,0.6,5,-0.622;-0.230;0.397;-0.158;0.085,32,0.0,fake,10
vendor_05,-0.5235953892757651,-0.17099875616464838,0.3525966331111167,4,smooth5_top50,0.4,5,-0.752;0.608;2.071;-1.552;-3.354,32,0.0,fake,11
vendor_06,-0.5551331951800998,0.0130110540314332,0.5681442492115331,3,smooth20_top50,0.6,5,-0.581;3.651;-2.673;-2.676;-0.196,32,0.0,fake,12
vendor_10,0.7341932137076731,0.7341932137076731,0.0,0,smooth5_top25,1.0,5,-0.303;0.397;2.255;1.131;0.358,33,0.0,fake,1
vendor_04,0.4161916914954936,0.5504080694286138,0.13421637793312013,0,smooth1_top25,1.0,5,1.657;0.100;0.881;-1.160;0.515,33,0.01,REAL,2
vendor_06,0.32667691830142076,0.6497025776377963,0.3230256593363755,0,smooth20_top25,1.0,5,0.924;0.572;-0.554;-0.326;0.879,33,0.0,fake,3
vendor_05,0.16119145747736713,0.1738384977102152,0.012647040232848072,2,smooth20_top50,0.4,5,-0.089;1.511;0.636;2.449;-2.765,33,0.0,fake,4
vendor_08,0.010792827257275346,0.0049024813912205804,-0.005890345866054766,2,smooth20_all,0.6,5,1.089;-1.024;0.876;-0.215;-1.003,33,0.0,fake,5
vendor_09,-0.03602616747295038,-0.02856952929371392,0.007456638179236457,1,smooth5_top50,0.8,5,0.189;-0.007;0.423;-0.712;-0.095,33,0.0,fake,6
vendor_02,-0.16239589660692585,0.2317968150485495,0.3941927116554753,2,smooth20_top25,0.4,5,1.855;-1.307;-1.274;2.499;-2.283,33,0.03,REAL,7
vendor_00,-0.16239589660692597,0.2317968150485495,0.3941927116554754,2,smooth20_top25,0.4,5,1.855;-1.307;-1.274;2.499;-2.283,33,0.05,REAL,8
vendor_01,-0.16239589660692602,0.2317968150485495,0.39419271165547554,2,smooth20_top25,0.4,5,1.855;-1.307;-1.274;2.499;-2.283,33,0.04,REAL,9
vendor_03,-0.21300086766426038,0.18996964197093402,0.40297050963519443,3,smooth1_top25,0.4,5,1.954;-1.695;-1.484;2.563;-2.176,33,0.025,REAL,10
vendor_11,-0.35217983909770345,0.23046193864501713,0.5826417777427206,2,smooth1_top25,0.4,5,-0.624;-0.812;-0.522;-1.244;1.805,33,0.0,fake,11
vendor_07,-0.3738325355821217,0.38328393914211556,0.7571164747242373,2,smooth20_top25,0.4,5,-0.219;-1.155;-0.062;-1.039;0.446,33,0.0,fake,12
vendor_04,2.659589732113265,2.659589732113265,0.0,0,smooth20_top25,1.0,5,3.501;3.459;0.423;4.110;2.020,34,0.01,REAL,1
vendor_00,2.130688982339637,2.563472257242178,0.4327832749025413,2,smooth1_top25,0.4,5,2.336;2.912;2.104;2.650;0.529,34,0.05,REAL,2
vendor_02,1.6922346440102594,2.024500334011174,0.33226569000091466,3,smooth1_top25,0.6,5,1.930;2.604;-1.618;3.000;1.499,34,0.03,REAL,3
vendor_01,1.4749128161734426,2.2189716736375957,0.7440588574641531,3,smooth1_top25,0.4,5,1.327;2.676;0.455;1.558;1.083,34,0.04,REAL,4
vendor_06,1.1811070058127393,1.939953211272056,0.7588462054593168,1,smooth5_top50,0.8,5,-0.161;2.048;0.418;0.634;3.698,34,0.0,fake,5
vendor_03,0.9038660953517709,1.1224816257791137,0.21861553042734283,3,smooth20_top50,0.6,5,1.752;2.834;-0.620;0.766;-0.194,34,0.025,REAL,6
vendor_07,0.7705906664628268,0.8614482343734822,0.09085756791065536,3,smooth20_top25,0.6,5,-0.007;0.026;-0.618;3.965;-0.004,34,0.0,fake,7
vendor_11,0.35492838924191344,0.5275201928355693,0.17259180359365583,1,smooth20_top25,0.8,5,0.924;-1.354;1.722;1.474;-0.872,34,0.0,fake,8
vendor_09,0.2993029013348023,0.7759125557116745,0.4766096543768722,3,smooth1_top50,0.6,5,0.195;-1.163;1.347;-0.053;1.444,34,0.0,fake,9
vendor_10,0.18030746159556793,0.3804838048906282,0.2001763432950603,1,smooth1_top50,0.8,5,1.150;0.238;1.025;0.339;-1.368,34,0.0,fake,10
vendor_05,-0.5944030375986669,-0.22424427796264185,0.370158759636025,2,smooth5_top25,0.8,5,-1.433;-0.866;-0.077;0.808;-1.526,34,0.0,fake,11
vendor_08,-1.431280492430832,-0.5351080803634481,0.8961724120673839,1,smooth5_all,0.8,5,0.921;-1.385;-2.314;-1.459;-2.787,34,0.0,fake,12
vendor_05,1.2429280189977978,1.3118851233293936,0.06895710433159574,3,smooth20_top25,0.4,5,2.601;-1.501;0.550;2.543;1.843,35,0.0,fake,1
vendor_00,0.8688558555890131,1.469386895951442,0.6005310403624289,1,smooth5_top25,0.8,5,1.256;-0.197;2.077;0.514;0.839,35,0.05,REAL,2
vendor_02,0.8688558555890131,1.469386895951442,0.6005310403624289,1,smooth5_top25,0.8,5,1.256;-0.197;2.077;0.514;0.839,35,0.03,REAL,3
vendor_01,0.8688558555890131,1.469386895951442,0.6005310403624289,1,smooth5_top25,0.8,5,1.256;-0.197;2.077;0.514;0.839,35,0.04,REAL,4
vendor_03,0.8688558555890131,1.469386895951442,0.6005310403624289,1,smooth5_top25,0.8,5,1.256;-0.197;2.077;0.514;0.839,35,0.025,REAL,5
vendor_06,0.8567189426347362,0.8567189426347362,0.0,0,smooth5_all,1.0,5,1.142;-0.434;-0.943;2.484;2.148,35,0.0,fake,6
vendor_04,0.8385651856757408,1.0963007935500968,0.257735607874356,1,smooth20_top25,0.8,5,-2.121;3.073;2.054;0.084;1.104,35,0.01,REAL,7
vendor_10,-0.094002450703197,0.21565099879693087,0.30965344950012785,2,smooth1_all,0.8,5,-0.612;0.566;-0.184;1.057;-1.574,35,0.0,fake,8
vendor_09,-0.391532561786805,-0.24024370862864372,0.1512888531581613,1,smooth20_top50,0.6,5,-0.467;-1.756;-0.754;-0.155;2.041,35,0.0,fake,9
vendor_11,-0.44914713678656465,0.47007450616983393,0.9192216429563986,3,smooth5_top25,0.4,5,-1.841;-0.496;-0.833;-0.558;1.480,35,0.0,fake,10
vendor_08,-0.5725227255331128,-0.06425463903046731,0.5082680865026454,0,smooth1_all,1.0,5,-1.168;-0.856;-1.164;-0.460;0.914,35,0.0,fake,11
vendor_07,-0.6075343693291719,0.9632376732448711,1.570772042574043,1,smooth20_top50,0.8,5,-0.494;0.871;-0.328;-0.648;-2.226,35,0.0,fake,12
vendor_00,1.3378836691829044,1.4615554145074279,0.12367174532452352,1,smooth1_top50,0.6,5,3.179;0.137;0.553;1.957;0.782,36,0.05,REAL,1
vendor_01,1.3378836691829044,1.4615554145074279,0.12367174532452352,1,smooth1_top50,0.6,5,3.179;0.137;0.553;1.957;0.782,36,0.04,REAL,2
vendor_02,1.3378836691829044,1.4615554145074279,0.12367174532452352,1,smooth1_top50,0.6,5,3.179;0.137;0.553;1.957;0.782,36,0.03,REAL,3
vendor_03,1.0211092338842436,1.1339229176438135,0.1128136837595699,1,smooth1_top25,0.6,5,2.503;0.085;0.699;1.168;0.769,36,0.025,REAL,4
vendor_06,0.5663778467956382,0.765796192995334,0.19941834619969578,3,smooth1_top25,0.6,5,2.185;1.215;1.545;0.532;-2.484,36,0.0,fake,5
vendor_04,0.35988807947030355,1.0942361505393026,0.734348071068999,1,smooth5_top25,0.6,5,2.491;1.533;-0.993;-0.411;-1.017,36,0.01,REAL,6
vendor_08,0.10322979650832348,0.5401352914541938,0.43690549494587033,1,smooth1_top25,0.6,5,-0.362;1.968;1.802;-1.615;-1.030,36,0.0,fake,7
vendor_05,0.0031834210060190313,0.9739456404133694,0.9707622194073504,2,smooth20_top25,0.8,5,0.139;2.208;-1.632;-1.513;0.540,36,0.0,fake,8
vendor_07,-0.06403093526916585,0.03757962130750526,0.10161055657667112,2,smooth5_top25,0.8,5,-0.353;0.718;-1.150;-0.599;1.513,36,0.0,fake,9
vendor_09,-0.24232944252921976,-0.1821195884285467,0.06020985410067306,1,smooth5_all,0.6,5,-3.374;2.633;0.163;-1.899;1.583,36,0.0,fake,10
vendor_10,-0.6462797509189393,0.29827880021783676,0.944558551136776,3,smooth20_all,0.4,5,-0.718;-1.647;-1.138;2.267;-1.115,36,0.0,fake,11
vendor_11,-1.5394972479307383,-0.79880083832617,0.7406964096045683,1,smooth1_top25,0.8,5,-2.876;-1.397;-0.884;-1.578;-0.857,36,0.0,fake,12
vendor_00,1.2167526418499626,1.5277328117230358,0.3109801698730732,3,smooth1_top25,0.6,5,1.726;0.496;-0.331;3.667;0.574,37,0.05,REAL,1
vendor_01,1.2167526418499626,1.5277328117230358,0.3109801698730732,3,smooth1_top25,0.6,5,1.726;0.496;-0.331;3.667;0.574,37,0.04,REAL,2
vendor_03,0.8316320898723172,1.0758357178457563,0.24420362797343909,1,smooth20_all,0.8,5,1.230;1.162;-0.019;2.624;-0.211,37,0.025,REAL,3
vendor_02,0.7741065604262201,1.320056704175236,0.545950143749016,2,smooth5_top25,0.6,5,0.548;0.383;0.535;1.447;0.927,37,0.03,REAL,4
vendor_04,0.45896202682845433,0.5648464149121878,0.10588438808373346,2,smooth20_top25,0.6,5,1.430;-0.632;-2.185;3.838;-0.097,37,0.01,REAL,5
vendor_10,0.38198638259210704,0.662707571350673,0.280721188758566,1,smooth1_top25,0.8,5,0.410;1.831;-1.371;1.210;-0.122,37,0.0,fake,6
vendor_11,0.2526446736273637,0.33265817933901665,0.08001350571165294,2,smooth1_all,0.8,5,0.540;0.028;-1.342;1.607;0.619,37,0.0,fake,7
vendor_08,0.22048262100653718,0.7427045207664317,0.5222218997598945,1,smooth5_top25,0.8,5,-0.477;0.239;2.432;-0.862;-0.260,37,0.0,fake,8
vendor_05,-0.02738097860469313,1.1951400613287533,1.2225210399334463,0,smooth1_top50,1.0,5,0.148;0.410;1.619;-1.967;-0.094,37,0.0,fake,9
vendor_09,-0.4132362271940545,-0.032989538491448214,0.3802466887026063,3,smooth1_all,0.4,5,-1.852;1.586;0.784;-1.852;-0.212,37,0.0,fake,10
vendor_07,-0.64760613650041,-0.40809455317406357,0.23951158332634642,4,smooth1_all,0.4,5,-0.701;0.033;-2.011;0.754;-1.482,37,0.0,fake,11
vendor_06,-0.8347388420171734,-0.15033704513829396,0.6844017968788795,4,smooth5_all,0.4,5,-0.267;-2.324;-0.643;0.718;-1.755,37,0.0,fake,12
vendor_01,2.04899483944931,2.0652244895165848,0.016229650067274726,0,smooth5_top25,1.0,5,1.159;0.610;3.669;-0.326;4.745,38,0.04,REAL,1
vendor_00,1.5333078595937726,2.0478326504222517,0.5145247908284791,2,smooth5_top50,0.6,5,1.350;0.102;3.544;-2.211;4.712,38,0.05,REAL,2
vendor_04,1.4159124202880924,1.4944634081158445,0.07855098782775216,0,smooth20_top25,1.0,5,0.052;-0.186;2.420;1.171;3.641,38,0.01,REAL,3
vendor_11,1.1281576874037451,1.7719826516429673,0.6438249642392222,4,smooth1_top50,0.2,5,1.097;0.595;1.375;1.537;1.086,38,0.0,fake,4
vendor_03,1.0728743607865288,1.316132504506999,0.24325814372047017,1,smooth20_top25,0.6,5,0.263;-0.827;2.769;0.371;3.475,38,0.025,REAL,5
vendor_02,0.9907397015962898,1.333778396754786,0.3430386951584963,3,smooth5_top25,0.4,5,-0.002;1.270;2.723;-2.324;4.641,38,0.03,REAL,6
vendor_06,0.8375833993414721,1.3863978631876985,0.5488144638462265,2,smooth5_top25,0.6,5,-1.262;0.716;0.747;1.318;2.664,38,0.0,fake,7
vendor_09,0.4821609971138079,0.5554839700611091,0.07332297294730117,2,smooth5_all,0.8,5,0.962;-0.759;1.596;0.500;0.187,38,0.0,fake,8
vendor_10,0.42995623448780346,1.443774799766535,1.0138185652787317,1,smooth20_top50,0.6,5,2.249;0.524;-2.081;1.389;-0.070,38,0.0,fake,9
vendor_08,0.35747045534717403,0.5365878671682808,0.17911741182110674,3,smooth1_top25,0.6,5,0.470;2.456;0.031;1.786;-2.341,38,0.0,fake,10
vendor_05,-0.3210852412671585,0.5156070720608479,0.8366923133280064,1,smooth20_top25,0.6,5,1.718;-1.146;-1.703;0.399;-0.611,38,0.0,fake,11
vendor_07,-0.6247433126221917,0.3420537418605544,0.9667970544827461,3,smooth5_all,0.6,5,0.864;-0.414;-1.440;-0.415;-1.131,38,0.0,fake,12
vendor_00,1.9716472511085237,2.1089287910092462,0.13728153990072256,0,smooth5_all,1.0,5,2.808;2.090;2.192;1.587;1.314,39,0.05,REAL,1
vendor_01,1.9716472511085237,2.1089287910092462,0.13728153990072256,0,smooth5_all,1.0,5,2.808;2.090;2.192;1.587;1.314,39,0.04,REAL,2
vendor_03,1.3162275491785298,1.6515247741796484,0.3352972250011186,2,smooth20_top25,0.6,5,0.176;2.119;1.728;1.242;1.338,39,0.025,REAL,3
vendor_02,1.3095306321041182,1.894667672901851,0.5851370407977328,1,smooth5_all,0.8,5,2.248;1.735;0.727;0.917;1.142,39,0.03,REAL,4
vendor_09,0.7178939151342775,0.709714875682348,-0.008179039451929437,1,smooth1_top50,0.6,5,1.864;0.028;-0.229;2.574;-0.521,39,0.0,fake,5
vendor_04,0.6385474355463466,0.9576268417801241,0.3190794062337775,2,smooth20_all,0.6,5,0.958;-0.402;0.393;3.484;-0.580,39,0.01,REAL,6
vendor_08,0.07456486481751586,0.24720205576972595,0.17263719095221008,3,smooth1_top25,0.4,5,0.288;0.896;0.855;-0.950;-0.554,39,0.0,fake,7
vendor_05,0.03976920356445028,0.7398061258448536,0.7000369222804034,2,smooth1_all,0.8,5,0.910;-0.172;0.692;-0.450;-0.527,39,0.0,fake,8
vendor_06,-0.10776230682245547,0.664105890707627,0.7718681975300825,1,smooth20_all,0.6,5,1.790;-2.969;0.688;0.240;-0.315,39,0.0,fake,9
vendor_07,-0.5604104337467698,-0.16088433741152472,0.39952609633524505,1,smooth20_top25,0.6,5,-0.308;0.316;-1.189;-1.698;0.552,39,0.0,fake,10
vendor_11,-0.8283812384747625,-0.4333749320345626,0.3950063064401999,1,smooth1_top25,0.6,5,-0.969;-1.967;-0.026;0.006;-1.102,39,0.0,fake,11
vendor_10,-1.2934557316463153,-0.5046809839115434,0.788774747734772,1,smooth20_top25,0.6,5,1.053;-3.171;-0.692;-1.679;-1.834,39,0.0,fake,12
