seed,inversions,any_inversion,max_fake,min_real,top_is_fake,best_fake_rank,weakest_real_rank,mean_search_gap,max_sharpe
0,0,False,0.7300089109803766,0.9531443844634397,False,6,5,0.22336173759912528,1.9919519378738086
1,1,True,0.6276431911195218,0.4976931685868251,False,5,6,0.31404627459781814,1.9298419098635624
2,0,False,0.7408321272470441,1.0271675054854406,False,6,5,0.5222220499153506,2.749996984658057
3,4,True,0.8034547678043291,0.130144666066712,False,5,9,0.1768371650359208,2.143380696996443
4,0,False,0.7129721904194676,1.4116862849366119,False,6,5,0.20925584774444964,1.6867732982812107
5,0,False,0.4615948791622057,1.0878341552034512,False,6,5,0.3547104978853468,2.040044987628966
6,0,False,0.6813794861551127,1.0168916102122918,False,6,5,0.3196422268893401,1.8122627172328198
7,1,True,0.8981211423344047,0.5272891952468615,False,5,6,0.2019525477886881,1.4976827688182954
8,1,True,1.3424515878449337,1.2338726075259165,False,5,6,0.08440487669058856,2.2011261304373475
9,4,True,0.5880401081670837,0.485407370827137,False,5,9,0.18649190558189735,1.761378286519046
10,1,True,1.1414772489945917,1.1271479431305484,False,5,6,0.4619854132559516,2.3856082611974307
11,2,True,0.9450682696556326,0.6448467964209467,False,4,6,0.14889298288941408,2.011401698060258
12,2,True,0.8456939440102665,0.6931798725744505,False,5,7,0.14927310998063828,1.9087535470291808
13,0,False,0.8537284951638755,0.9030796918614952,False,6,5,0.20968977829571622,1.4186076696071481
14,1,True,1.0691988620378605,1.049001202915434,False,5,6,0.30975228991507636,1.7294548460371713
15,0,False,0.87830560212559,1.0912393025362894,False,6,5,0.1583257449705606,1.617013612196377
16,1,True,0.5028838978519892,0.4196179127155189,False,5,6,0.1258953347989782,1.3459870789601696
17,0,False,0.5057723444873914,0.5583609143510202,False,6,5,0.1437118601987696,1.6095659042357717
18,0,False,0.3595567958018565,0.4886617847120834,False,6,5,0.1469861010802933,1.4864330317883427
19,2,True,1.0301030569898193,0.7655824469523841,False,5,7,0.41445901064699914,2.683810889845773
20,2,True,0.620757003364198,0.5588393773511423,False,5,7,0.14479598461513765,1.850932839206033
21,0,False,0.5828031319642427,0.9724276398849218,False,6,5,0.25904346472437734,1.685534638631846
22,1,True,0.7555065861920699,0.420929955370466,False,5,6,0.23446125417958708,2.225349969827448
23,1,True,1.1034100457259943,0.692387661143611,False,5,6,0.2676531389625059,1.819304488639158
24,1,True,0.7653819327049668,0.7506335738925239,False,5,6,0.24878012561181492,1.5736121988956104
25,0,False,0.6839669152396024,1.1897149952915318,False,6,5,0.30755605482384446,1.9562456731425926
26,0,False,0.7559513676470354,0.7920976483611298,False,6,5,0.22497842333258564,2.3353839755116304
27,1,True,0.945115418972727,0.899205433635364,False,5,6,0.2819174946708834,2.176824933256457
28,1,True,1.1621745906593577,0.713391215652982,False,5,6,0.232797534403932,1.5173556300384745
29,0,False,0.5096164031509555,0.9056679662861575,False,6,5,0.2287078012728377,1.9331985343536102
30,0,False,0.903179229842823,1.1690136181615332,False,6,5,0.2796866986207355,2.2843310749800443
31,4,True,0.7270528462428055,0.4306847413954364,False,5,9,0.297416890419149,1.4994014768132609
32,0,False,0.760471161728735,1.0578824293107494,False,6,5,0.29093618348763933,1.6871887931073304
33,0,False,0.29865481586014075,1.1430516342740957,False,6,5,0.12380204487588531,1.4482456387423972
34,0,False,0.8723503995823944,1.3633596141561823,False,6,5,0.5227918052369939,2.249756628231804
35,0,False,0.6324840266968582,1.043996287718744,False,6,5,0.2486481744840798,1.2687198717646537
36,1,True,0.8672365553285918,0.7250495000534992,False,5,6,0.29315980540859954,1.3697919298828223
37,0,False,0.4967860233129527,1.006445513098501,False,6,5,0.15891372053846106,1.457056676619161
38,0,False,0.7376240276945404,1.3387904707257288,False,6,5,0.3042092557064057,2.079701873318019
39,0,False,0.45683275301770576,0.8470160444498107,False,6,5,0.2968643801217464,2.1187839842660403
40,0,False,0.4931450114482729,0.5701671891443812,False,6,5,0.26852598123389104,2.3649369377929057
41,1,True,0.9768079542366419,0.9556500139181767,False,5,6,0.29200387967221375,1.7429756043298312
42,1,True,0.8449812323653592,0.7776828043170473,False,5,6,0.45801105594362257,2.671035578078687
43,1,True,0.8206547369867743,0.8162730265167711,False,5,6,0.13951638874147984,2.2333296257161246
44,0,False,0.5819330204612463,0.9998403394343641,False,6,5,0.27724296014291944,2.0801602504393233
45,2,True,0.31130234373395677,0.24684786849398888,False,5,7,0.3744586186080337,2.497861693695109
46,3,True,1.0924042309195103,0.48734361518949604,False,5,8,0.26177059295187266,1.7216023426830056
47,1,True,0.8691824860292238,0.7523081183403518,False,5,6,0.22635655235865285,2.0349402296606183
48,0,False,0.6571562388437834,1.079915254022258,False,6,5,0.19778493812236572,2.8619205071868525
49,2,True,0.6649813180123625,0.40171269231439843,False,5,7,0.284460431592484,2.116577792005209
50,0,False,0.8370461103044098,0.976643920284149,False,6,5,0.2126179280823414,1.6708199873635847
51,0,False,0.9149850501181217,1.0328741524561988,False,6,5,0.42514393645821896,2.4890218462980407
52,1,True,0.6595206022929236,0.4530540032524978,False,5,6,0.3029753781994084,1.7458180019850777
53,2,True,1.156067532263418,0.7445510230704567,False,4,6,0.12322365333536911,1.9912345752765146
54,5,True,1.221205693413731,0.6021996804623869,False,4,9,0.2746886124960441,2.3412822900851755
55,0,False,0.6398974162918003,1.0005512755239812,False,6,5,0.2564619597672311,1.7370468560829986
56,0,False,0.5788854926151087,1.1436569556466953,False,6,5,0.19578556271755307,2.0001167894309626
57,2,True,0.9170716849533848,0.46294669316784876,False,5,7,0.3712688578818976,2.002172968964645
58,1,True,0.8663467119675952,0.8067563904361368,False,5,6,0.3406264937157017,1.8854054162553158
59,1,True,0.7470955057327086,0.5617153358001197,False,5,6,0.21410367943548655,1.4398430715596933
60,0,False,0.698541277780214,0.7459238216080644,False,6,5,0.20354677471536353,2.056399709607585
61,4,True,1.325174889509335,0.5693541701985123,False,4,8,0.3069820705571779,1.7990240572814755
62,0,False,0.6671932392546314,0.7393961858868676,False,6,5,0.36480528031834325,2.1121537766707887
63,2,True,0.9334214802936831,0.457945617533005,False,5,7,0.24571053123337108,1.9702005366253443
64,0,False,0.5686299357755137,0.9393985232393867,False,6,5,0.41726856686199953,2.1244727382021478
65,0,False,0.7058722189615535,1.061075116867672,False,6,5,0.07862091960125644,2.087321654763066
66,0,False,0.7114954045208527,0.8703981037858166,False,6,5,0.3749187975090618,1.922067741217184
67,0,False,0.8404161689074803,1.0215779576532307,False,6,5,0.2590658124038257,1.6708437102355944
68,4,True,0.9610790580809169,0.40468617806386414,False,4,8,0.2635138367095342,1.6846358872408542
69,1,True,0.6474994556020913,0.6204495555829529,False,5,6,0.41798311329709986,2.428175027715523
70,1,True,0.5657694227424693,0.5098791846149898,False,5,6,0.25475741902447774,1.7364927878400578
71,1,True,0.8819575266947351,0.7542639961090737,False,5,6,0.09868328122288335,1.8486817023677562
72,1,True,0.541457377325832,0.49300071096521375,False,5,6,0.26352047735147655,2.385412608854194
73,5,True,1.0558727487544675,0.8688905742120164,True,1,6,0.23578541625225768,1.0558727487544675
74,0,False,1.0796648794853339,1.3870250184524087,False,6,5,0.4048341204766286,1.9041651308960388
75,0,False,0.8168675821793212,1.074840527733303,False,6,5,0.28736149958697077,2.155830617889227
76,0,False,0.9687799284999112,1.3466159799132669,False,6,5,0.3639909483892658,1.5595300726863341
77,4,True,0.9528758478899187,0.9004269680674739,False,2,6,0.13475485073297752,1.1402396247894362
78,2,True,1.2356610085634872,0.4071115247374615,False,5,7,0.3113485105363167,1.709224148387017
79,0,False,0.7334741450323266,1.2203792071509547,False,6,5,0.10558536437344646,1.6999735403667868
80,0,False,0.7126748387854619,0.7412774965977923,False,6,5,0.19721066484396974,1.7553438013205611
81,5,True,0.7945100648050331,0.2142341065699437,False,5,10,0.1558211812030297,2.485357644297626
82,0,False,0.8640526379893485,1.2606211285821654,False,6,5,0.20246508986272685,2.3848190328066763
83,1,True,0.8700068873173946,0.4730347485107176,False,5,6,0.22785438003552885,1.7668044131649179
84,0,False,0.7647234398323225,0.9545585878663468,False,6,5,0.17611928212494257,1.5816996590774366
85,0,False,0.7964214500424665,0.8727655771289754,False,6,5,0.16877787226969473,1.9070784182329075
86,0,False,0.86059693344503,1.2018149140818457,False,6,5,0.3130542537953533,1.427229642926135
87,0,False,0.5131767973627226,0.9724351437745407,False,6,5,0.11435290463950443,1.3102181772395654
88,1,True,0.47069156805947254,0.3252437682998232,False,5,6,0.317509486454373,2.368387482333042
89,1,True,1.0955915892877797,0.6675573635256351,False,5,6,0.08394680741730236,1.3922489983276713
90,3,True,0.7697761147655005,0.4009829004985065,False,5,8,0.20511518300741993,2.2456147277232317
91,1,True,1.1151285376855424,1.0194528984653592,False,5,6,0.36266316969577056,1.9025979029707119
92,1,True,1.1444555417603426,0.8471605974600046,False,5,6,0.2983384931294841,1.7926997850560875
93,0,False,0.6319922322729389,1.2530741512148804,False,6,5,0.2579087733067224,1.9533227263219073
94,0,False,1.0011713445311894,1.1570896667146955,False,6,5,0.42079538512224296,2.519129089445494
95,1,True,0.5295326092713063,0.40065089996431913,False,5,6,0.2780241776939298,2.097070958923219
96,0,False,0.7292680780785631,0.9788084491012718,False,6,5,0.2544989351974051,2.133361506600763
97,3,True,1.0592797544529746,0.5243454991633423,False,5,8,0.24595772545674524,2.055963251721217
98,1,True,1.0069728741440158,0.7966070737355526,False,5,6,0.3139492136127171,1.8288739199281405
99,1,True,0.5312273216991219,0.512368169185196,False,5,6,0.20181390172863478,1.9101485176243127
100,0,False,0.6555611637596921,1.0246376743461862,False,6,5,0.3870167226638712,1.9782979479682192
101,2,True,1.0833869170247505,0.770928039329347,False,5,7,0.19050681824877316,1.9070572424621548
102,1,True,1.1952323362537076,1.0195040069739387,False,5,6,0.46570690226932304,1.9837602813191078
103,2,True,0.9906715728597358,0.7255635676474116,False,5,7,0.0994005997410734,1.8648621719650085
104,2,True,1.1751771868025542,0.5748341949278872,False,5,7,0.3303689312809497,2.14526213048548
105,2,True,0.89948994212105,0.6505807290642275,False,5,7,0.2593785345881011,1.3795415980948773
106,1,True,0.7273629898635052,0.6686062824867371,False,5,6,0.20195782775393253,2.4768457428235804
107,3,True,1.6923530716052486,1.434840084764643,False,3,6,0.34830483490531366,1.7163210633690889
108,0,False,0.4753894369526893,1.39357343797237,False,6,5,0.17344805601818783,1.9736518632542077
109,0,False,0.7211264738245138,1.125715733987643,False,6,5,0.33808159649609765,2.3158991582662316
110,2,True,0.9759019331569193,0.49223673254730393,False,5,7,0.2690942026966015,2.185734456280308
111,0,False,1.0344680520745204,1.1289306901508087,False,6,5,0.2483407155334747,2.3770417092413916
112,0,False,0.7544295021022626,0.9974998758564826,False,6,5,0.18021970716216584,2.140781512729657
113,0,False,0.2850698390250971,0.35032430162823164,False,6,5,0.16413517285817045,1.889274590947295
114,0,False,0.7007713663646872,1.075569478747676,False,6,5,0.35324535084402675,2.410810904173208
115,0,False,0.7070644974126804,1.029811893608339,False,6,5,0.2726996078703246,1.7474878294196974
116,0,False,0.5724297907611864,1.373968085854937,False,6,5,0.20154275807824681,2.5500230517914204
117,1,True,1.0201066310066782,1.0151462949925134,False,5,6,0.26326209131806516,1.4915745272203726
118,0,False,0.816390727112406,1.0713027802578947,False,6,5,0.2836381838343279,2.5712905608475927
119,0,False,0.5594638689058001,0.8954637412190944,False,6,5,0.26348954602641106,1.475471621159348
120,0,False,0.3840063086277426,0.5553445663524266,False,6,5,0.1624253653884583,2.119465921078679
121,0,False,0.40674823084625056,1.011797687435927,False,6,5,0.19283109636317516,1.8441387077125249
122,0,False,0.7016883931822152,0.7533327853246568,False,6,5,0.2401813909910446,2.652240249358191
123,0,False,0.8804494406397929,1.2050031330773314,False,6,5,0.3758206818360989,2.434965456939374
124,0,False,0.48960830088472634,1.0491278938086108,False,6,5,0.3880343485357612,1.6835618121624147
125,1,True,0.5429357686947865,0.51285554834655,False,5,6,0.27020611153444885,2.237442523438937
126,0,False,0.7988805381362533,0.9837867191224918,False,6,5,0.06743383624735771,1.2056255254705188
127,0,False,0.42246334241451783,0.9728883288915414,False,6,5,0.16599747969333925,1.4400382330598163
128,4,True,1.073329187955142,0.6224018985848103,False,5,9,0.328319281943458,2.231275562025228
129,1,True,0.790313925336082,0.7038424360596667,False,5,6,0.17427232779818255,1.447577048950853
130,5,True,0.5890343422227504,0.3583299057267349,False,5,10,0.1754905518522414,2.389649729042203
131,6,True,0.8015728317075336,0.09490792835637751,False,5,11,0.15863593884500923,1.8041783374047315
132,0,False,0.9011910593902812,1.0481104565202495,False,6,5,0.3044578785608669,2.1813477623062814
133,2,True,0.8514378568523105,0.5079795715268542,False,5,7,0.17778822623753454,2.5383542769262153
134,1,True,1.1367352746648438,0.9899430834040732,False,5,6,0.36203174852708636,2.542283936512508
135,3,True,0.8489557189566658,0.2763492029236085,False,5,8,0.1144107287698688,2.599658419925722
136,2,True,0.8259061110414924,0.4535650270505593,False,5,7,0.2289448322842621,1.865975247179405
137,6,True,1.2287375339587792,0.5656489970251467,True,1,7,0.22774248601947186,1.2287375339587792
138,0,False,0.648548987231877,1.1811471854400069,False,6,5,0.04997646088073518,1.562041360358515
139,2,True,0.987946256218895,0.8148405283571134,False,5,7,0.19715647408334047,2.688122295227245
140,3,True,0.6681212768136902,0.365361671206295,False,5,8,0.23424463080671068,2.105242832564952
141,3,True,0.8725726376322026,0.26079717089704507,False,5,8,0.23483295575532825,1.6914391188323663
142,1,True,0.859714607943892,0.7897600658281119,False,5,6,0.12600731581581054,1.1498340899872064
143,1,True,0.6111053221801206,0.5149428542036432,False,5,6,0.07414517749978355,1.6056758319203739
144,0,False,0.7362505308124305,0.8355145572881498,False,6,5,0.25928137969816784,1.198611555668088
145,0,False,0.7070131990894303,1.012335101516914,False,6,5,0.268892110090033,1.7076293089018713
146,2,True,0.7840097148832734,0.6450684834062408,False,5,7,0.4000470043820242,1.7547267219904072
147,4,True,0.8313419152417891,0.3298536817854592,False,5,9,0.231823575812252,2.0579332533774677
148,0,False,0.43227316250894926,0.8609851099872694,False,6,5,0.19248564640894736,2.213131419354819
149,3,True,0.7530965922389725,0.3750135848259464,False,5,8,0.3015076631858444,2.31911061723166
150,0,False,0.6747079603553829,1.0347696285071568,False,6,5,0.2265865031564657,2.0126404654499392
151,0,False,0.6247165991646813,0.9164817116747863,False,6,5,0.1689399444829274,2.156785725097071
152,2,True,1.1294611776454229,0.7894488066398778,False,4,6,0.12365446578273809,1.2700930578881253
153,3,True,0.537317616014849,0.5058545325315339,False,5,8,0.16079968567719308,1.6654598836345968
154,0,False,0.812175504383531,0.8822426947628419,False,6,5,0.29608209518660344,2.3327621988380347
155,0,False,0.49365024459852225,1.2699986071425626,False,6,5,0.2544497942402842,2.460203596414781
156,1,True,1.2699998481792032,0.6497151092775585,False,5,6,0.3874879779386491,2.0038762315525065
157,1,True,1.0415202591744628,0.6824443245432332,False,5,6,0.2745977492526648,2.1012608406709745
158,0,False,0.2638235365059506,0.6330451221879121,False,6,5,0.32179285047740047,3.0759064264239586
159,0,False,0.5392825905845976,0.8736946904569143,False,6,5,0.1867081602990329,1.6706959348277304
160,4,True,1.6050282025124472,0.49468007741310577,False,4,8,0.28025842963627734,1.9759948530632694
161,0,False,0.4526890186774329,1.0738949926585606,False,6,5,0.15765138669184312,1.7288621219035636
162,5,True,0.7239417119206323,0.12120536153813391,False,5,10,0.29832238493743585,1.6748645906515833
163,0,False,0.5147581140990376,0.678302189366024,False,6,5,0.12047737694148948,1.6240812286235926
164,0,False,0.8208829175380904,1.0835064754937644,False,6,5,0.28247976750930415,1.875110300497747
165,0,False,0.5965249934637321,1.1028017293843377,False,6,5,0.1913324814612766,2.3636737892816164
166,0,False,0.5892808437906981,0.9056016008307851,False,6,5,0.26169822272277066,1.7697657300359382
167,1,True,0.8633742936276384,0.510654379261742,False,5,6,0.337327476287586,2.2657427416323497
168,1,True,0.6431728507213893,0.6100627246943869,False,5,6,0.144100828591779,2.1005156804257585
169,4,True,1.0593426662685341,0.3145556179755604,False,5,9,0.1656405012056228,1.703889019620543
170,0,False,0.6578657735707387,0.7646793542417607,False,6,5,0.23658659593279285,1.8466813520080316
171,1,True,1.0372205826593182,0.7345342563362584,False,5,6,0.056186846580761875,1.7766074132823726
172,0,False,0.3951064702915116,0.577417583237091,False,6,5,0.35995991578962644,2.087850508444848
173,0,False,0.6816615695593131,0.9172167000576029,False,6,5,0.18289585851349444,1.4938663289997172
174,6,True,0.9477935810322771,-0.02771714510107884,False,5,11,0.18526378213142924,2.514545190396147
175,0,False,0.7787665007374182,1.294776069269383,False,6,5,0.10513697103382767,1.8736542052942127
176,0,False,0.793285833656508,0.9059468593114355,False,6,5,0.17172084065340543,2.1562973836566384
177,0,False,0.8611067022493544,0.9969952532632753,False,6,5,0.2951600678231044,1.3080084192241226
178,4,True,0.7592823556879863,0.47947249192373065,False,5,9,0.31912910417713397,2.127715481280536
179,1,True,0.7321212972161478,0.6792499628842867,False,5,6,0.21886213766394916,1.5280090606483736
180,0,False,0.36835933889710776,0.4010976466048833,False,6,5,0.2579619775886906,1.3062384925216064
181,4,True,0.9386112291837597,0.43895063133014356,False,5,9,0.179752365461356,2.0771835120405684
182,0,False,0.7519456744578976,1.1042393641665917,False,6,5,0.18722406333618866,1.9440559236243193
183,1,True,0.9030742238510805,0.7818044593045687,False,5,6,0.4039931717847134,1.8463801983413277
184,0,False,0.5918632574601563,1.3267923885091186,False,6,5,0.18073631678424737,1.7825764345589095
185,1,True,0.7414718013566831,0.576384033141467,False,5,6,0.22673401780024585,1.2957564544006175
186,1,True,0.8691741495737519,0.7648762099042127,False,5,6,0.24150042866804164,1.4242228491985738
187,3,True,0.7294031095541563,0.2717118881751535,False,5,8,0.29918773315565234,1.5735586573542388
188,1,True,1.095143151329951,1.0063379104579584,False,5,6,0.23943132195073383,2.095855558551207
189,0,False,0.5723750088100189,1.0031969873418136,False,6,5,0.19342264674621498,1.5663913806830037
190,0,False,0.5515111389147941,1.0407047480409424,False,6,5,0.1585182324118639,1.385477278000613
191,1,True,0.8782296021755803,0.5729322916290197,False,5,6,0.5120576692509474,2.237863063318454
192,2,True,0.7453089093949549,0.43890250531958913,False,5,7,0.21865432942463026,1.9171868354377044
193,6,True,0.4355815797367276,0.10573780441339264,False,5,11,0.1797446249112539,1.532957166182125
194,3,True,0.6704971487903834,0.27295308661804174,False,5,8,0.14703454273692265,1.9182694945446381
195,4,True,1.040788955909941,0.2642218264091503,False,5,9,0.2824641825426973,2.1960016077455853
196,1,True,0.9990295455872469,0.8089340597350813,False,5,6,0.2956389993375776,1.8376790978874955
197,1,True,0.8587090331917574,0.6781110951621571,False,5,6,0.22231995596749765,2.040304969187354
198,0,False,0.8795226914844828,1.4721906220796164,False,6,5,0.3454784587852285,2.011431850351819
199,0,False,0.6428422226820459,1.109671005779015,False,6,5,0.18224800460872134,1.629513001695636
