seed,accept_raw_fp,accept_raw_fn,accept_raw_weak_found,accept_raw_n,accept_bonf_fp,accept_bonf_fn,accept_bonf_weak_found,accept_bonf_n,accept_bh_fp,accept_bh_fn,accept_bh_weak_found,accept_bh_n,accept_dsr_fp,accept_dsr_fn,accept_dsr_weak_found,accept_dsr_n
0,0,0,True,5,0,1,False,4,0,1,False,4,0,1,False,4
1,0,1,False,4,0,2,False,3,0,1,False,4,0,2,False,3
2,0,0,True,5,0,2,False,3,0,0,True,5,0,0,True,5
3,0,1,False,4,0,2,False,3,0,1,False,4,0,1,False,4
4,0,0,True,5,0,0,True,5,0,0,True,5,0,0,True,5
5,0,0,True,5,0,1,False,4,0,0,True,5,0,0,True,5
6,0,0,True,5,0,1,False,4,0,0,True,5,0,1,False,4
7,1,1,False,5,0,5,False,0,1,1,False,5,1,4,False,2
8,2,0,True,7,0,1,False,4,2,0,True,7,0,1,False,4
9,0,1,False,4,0,2,False,3,0,1,False,4,0,2,False,3
10,0,0,True,5,0,1,False,4,2,0,True,7,0,1,True,4
11,1,1,False,5,0,2,False,3,1,1,False,5,0,2,False,3
12,0,1,False,4,0,2,False,3,0,1,False,4,0,1,False,4
13,0,0,True,5,0,5,False,0,0,0,True,5,0,4,True,1
14,2,0,True,7,0,5,False,0,2,0,True,7,0,3,True,2
15,2,0,True,7,0,2,True,3,2,0,True,7,0,0,True,5
16,0,1,False,4,0,5,False,0,0,1,False,4,0,1,False,4
17,0,1,False,4,0,2,False,3,0,1,False,4,0,1,False,4
18,0,1,False,4,0,5,False,0,0,1,False,4,0,1,False,4
19,0,1,False,4,0,1,False,4,0,1,False,4,0,1,False,4
20,0,1,False,4,0,3,False,2,0,1,False,4,0,2,False,3
21,0,1,False,4,0,3,False,2,0,1,False,4,0,5,False,0
22,0,1,False,4,0,3,False,2,0,1,False,4,0,2,False,3
23,1,1,False,5,0,2,False,3,1,1,False,5,0,1,False,4
24,0,0,True,5,0,2,False,3,0,0,True,5,0,0,True,5
25,0,0,True,5,0,2,False,3,0,0,True,5,0,2,False,3
26,1,1,False,5,0,2,False,3,1,1,False,5,0,1,False,4
27,0,0,True,5,0,2,False,3,0,0,True,5,0,0,True,5
28,0,1,False,4,0,5,False,0,0,1,False,4,0,5,False,0
29,0,1,False,4,0,1,False,4,0,1,False,4,0,1,False,4
30,0,0,True,5,0,2,False,3,0,0,True,5,0,1,False,4
31,0,1,False,4,0,5,False,0,0,1,False,4,0,1,False,4
32,0,1,False,4,0,2,False,3,0,1,False,4,0,1,False,4
33,0,0,True,5,0,5,False,0,0,0,True,5,0,5,False,0
34,1,0,True,6,0,2,False,3,1,0,True,6,0,1,False,4
35,0,0,True,5,0,5,False,0,0,0,True,5,0,1,False,4
36,0,0,True,5,0,5,False,0,0,1,False,4,0,5,False,0
37,0,1,False,4,0,5,False,0,0,1,False,4,0,1,False,4
38,1,0,True,6,0,2,False,3,1,0,True,6,0,1,False,4
39,0,1,False,4,0,1,False,4,0,1,False,4,0,1,False,4
40,0,1,False,4,0,1,False,4,0,1,False,4,0,1,False,4
41,1,0,True,6,0,2,False,3,1,0,True,6,0,2,False,3
42,0,0,True,5,0,1,False,4,0,0,True,5,0,0,True,5
43,1,0,True,6,0,2,False,3,1,0,True,6,0,0,True,5
44,0,0,True,5,0,2,False,3,0,0,True,5,0,3,False,2
45,0,1,False,4,0,2,False,3,0,1,False,4,0,2,False,3
46,1,1,False,5,0,3,False,2,1,1,False,5,0,1,False,4
47,0,0,True,5,0,1,False,4,0,0,True,5,0,1,False,4
48,0,0,True,5,0,1,True,4,0,0,True,5,0,1,True,4
49,0,1,False,4,0,2,False,3,0,1,False,4,0,1,False,4
50,0,0,True,5,0,2,False,3,0,0,True,5,0,0,True,5
51,1,0,True,6,0,1,False,4,1,0,True,6,0,1,False,4
52,1,1,False,5,0,3,False,2,1,1,False,5,0,1,False,4
53,1,1,False,5,0,2,False,3,1,1,False,5,1,1,False,5
54,1,1,False,5,0,2,False,3,2,0,True,7,0,1,False,4
55,0,0,True,5,0,2,False,3,0,0,True,5,0,1,False,4
56,0,0,True,5,0,1,False,4,0,0,True,5,0,0,True,5
57,0,1,False,4,0,2,False,3,0,1,False,4,0,2,False,3
58,1,1,False,5,0,2,False,3,1,1,False,5,0,1,False,4
59,0,1,False,4,0,5,False,0,0,1,False,4,0,5,False,0
60,0,1,False,4,0,2,False,3,0,1,False,4,0,1,False,4
61,3,1,False,7,0,2,False,3,3,1,False,7,0,1,False,4
62,0,1,False,4,0,1,False,4,0,1,False,4,0,1,False,4
63,1,1,False,5,0,2,False,3,1,1,False,5,1,1,False,5
64,0,1,False,4,0,2,False,3,0,1,False,4,0,2,False,3
65,1,0,True,6,0,1,False,4,1,0,True,6,0,1,False,4
66,0,1,False,4,0,2,False,3,0,1,False,4,0,1,False,4
67,0,0,True,5,0,3,False,2,0,0,True,5,0,1,False,4
68,1,2,False,4,0,5,False,0,1,2,False,4,1,3,False,3
69,0,1,False,4,0,1,False,4,0,1,False,4,0,1,False,4
70,0,1,False,4,0,2,False,3,0,1,False,4,0,1,False,4
71,0,1,False,4,0,1,False,4,0,1,False,4,0,1,False,4
72,0,1,False,4,0,2,False,3,0,1,False,4,0,1,False,4
73,1,1,False,5,0,5,False,0,1,1,False,5,0,1,False,4
74,2,0,True,7,0,1,False,4,2,0,True,7,2,1,False,6
75,1,0,True,6,0,1,False,4,1,0,True,6,0,1,False,4
76,1,0,True,6,0,2,False,3,1,0,True,6,0,0,True,5
77,0,0,True,5,0,5,False,0,0,0,True,5,0,1,False,4
78,2,1,False,6,0,1,False,4,2,1,False,6,0,1,False,4
79,0,0,True,5,0,2,False,3,0,0,True,5,0,0,True,5
80,0,1,False,4,0,5,False,0,0,1,False,4,0,5,False,0
81,0,1,False,4,0,1,False,4,0,1,False,4,0,1,False,4
82,1,0,True,6,0,0,True,5,1,0,True,6,0,0,True,5
83,0,1,False,4,0,5,False,0,0,1,False,4,0,4,False,1
84,0,1,False,4,0,5,False,0,0,1,False,4,0,1,False,4
85,1,0,True,6,0,1,False,4,1,0,True,6,0,1,False,4
86,1,0,True,6,0,5,False,0,1,0,True,6,0,0,True,5
87,0,0,True,5,0,5,False,0,0,0,True,5,0,1,False,4
88,0,1,False,4,0,3,False,2,0,1,False,4,0,2,False,3
89,1,1,False,5,0,5,False,0,1,1,False,5,1,1,False,5
90,1,1,False,5,0,2,False,3,0,1,False,4,0,1,False,4
91,0,0,True,5,0,1,False,4,0,1,False,4,0,1,False,4
92,1,0,True,6,0,1,False,4,1,0,True,6,0,1,False,4
93,0,0,True,5,0,1,False,4,0,0,True,5,0,0,True,5
94,0,0,True,5,0,2,False,3,0,0,True,5,0,1,True,4
95,0,1,False,4,0,1,False,4,0,1,False,4,0,1,False,4
96,1,0,True,6,0,2,False,3,1,0,True,6,0,2,False,3
97,0,1,False,4,0,2,False,3,0,1,False,4,0,1,False,4
98,1,1,False,5,0,2,False,3,1,1,False,5,0,1,False,4
99,0,1,False,4,0,3,False,2,0,1,False,4,0,1,False,4
100,0,0,True,5,0,2,False,3,0,0,True,5,0,2,False,3
101,2,1,False,6,0,1,False,4,2,1,False,6,0,1,False,4
102,1,0,True,6,0,1,False,4,1,0,True,6,0,1,False,4
103,1,1,False,5,0,2,False,3,1,1,False,5,1,1,False,5
104,1,1,False,5,0,1,False,4,1,1,False,5,1,1,False,5
105,1,1,False,5,0,5,False,0,0,1,False,4,0,1,False,4
106,0,1,False,4,0,1,False,4,0,1,False,4,0,1,False,4
107,1,0,True,6,1,2,False,4,1,0,True,6,1,1,False,5
108,0,0,True,5,0,0,True,5,0,0,True,5,0,0,True,5
109,0,0,True,5,0,2,False,3,0,0,True,5,0,2,False,3
110,1,1,False,5,0,2,False,3,0,1,False,4,0,1,False,4
111,0,0,True,5,0,1,False,4,0,0,True,5,0,0,True,5
112,0,0,True,5,0,1,False,4,0,0,True,5,0,1,False,4
113,0,1,False,4,0,3,False,2,0,1,False,4,0,2,False,3
114,0,0,True,5,0,2,False,3,0,0,True,5,0,1,False,4
115,0,1,False,4,0,3,False,2,0,1,False,4,0,1,False,4
116,0,0,True,5,0,0,True,5,0,0,True,5,0,0,True,5
117,0,0,True,5,0,1,False,4,0,0,True,5,0,1,False,4
118,1,0,True,6,0,1,False,4,1,0,True,6,0,1,False,4
119,0,1,False,4,0,2,False,3,0,1,False,4,0,1,False,4
120,0,1,False,4,0,2,False,3,0,2,False,3,0,2,False,3
121,0,0,True,5,0,2,False,3,0,0,True,5,0,1,False,4
122,0,0,True,5,0,2,False,3,0,0,True,5,0,1,True,4
123,0,0,True,5,0,2,False,3,0,0,True,5,0,1,False,4
124,0,1,False,4,0,1,False,4,0,1,False,4,0,1,False,4
125,0,1,False,4,0,2,False,3,0,1,False,4,0,1,False,4
126,0,0,True,5,0,5,False,0,0,0,True,5,0,0,True,5
127,0,0,True,5,0,2,False,3,0,0,True,5,0,0,True,5
128,2,1,False,6,0,1,False,4,2,1,False,6,1,1,False,5
129,0,1,False,4,0,5,False,0,0,1,False,4,0,2,False,3
130,0,1,False,4,0,2,False,3,0,1,False,4,0,1,False,4
131,0,1,False,4,0,2,False,3,0,1,False,4,0,1,False,4
132,0,0,True,5,0,1,False,4,0,0,True,5,0,0,True,5
133,0,1,False,4,0,2,False,3,0,1,False,4,0,1,False,4
134,1,1,False,5,0,1,False,4,1,1,False,5,0,1,False,4
135,1,1,False,5,0,3,False,2,1,1,False,5,1,1,False,5
136,0,1,False,4,0,1,False,4,0,1,False,4,0,1,False,4
137,1,1,False,5,0,5,False,0,1,1,False,5,0,5,False,0
138,0,0,True,5,0,5,False,0,0,0,True,5,0,1,False,4
139,0,0,True,5,0,2,False,3,0,0,True,5,0,0,True,5
140,0,1,False,4,0,2,False,3,0,1,False,4,0,1,False,4
141,0,1,False,4,0,2,False,3,0,1,False,4,0,2,False,3
142,0,1,False,4,0,5,False,0,0,1,False,4,0,1,False,4
143,0,1,False,4,0,2,False,3,0,1,False,4,0,1,False,4
144,1,0,True,6,0,5,False,0,1,0,True,6,0,0,True,5
145,0,0,True,5,0,2,False,3,0,0,True,5,0,1,False,4
146,0,1,False,4,0,5,False,0,0,2,False,3,0,5,False,0
147,1,1,False,5,0,1,False,4,0,1,False,4,0,1,False,4
148,0,0,True,5,0,2,False,3,0,0,True,5,0,1,False,4
149,0,1,False,4,0,1,False,4,0,1,False,4,0,1,False,4
150,0,0,True,5,0,1,False,4,0,0,True,5,0,1,False,4
151,0,1,False,4,0,2,False,3,0,1,False,4,0,1,False,4
152,1,0,True,6,0,5,False,0,1,0,True,6,0,1,False,4
153,0,1,False,4,0,3,False,2,0,1,False,4,0,2,False,3
154,0,1,False,4,0,2,False,3,0,1,False,4,0,1,False,4
155,0,0,True,5,0,1,False,4,0,0,True,5,0,0,True,5
156,1,1,False,5,0,1,False,4,1,1,False,5,0,1,False,4
157,1,1,False,5,0,2,False,3,1,1,False,5,0,2,False,3
158,0,1,False,4,0,1,False,4,0,1,False,4,0,1,False,4
159,0,1,False,4,0,4,False,1,0,1,False,4,0,1,False,4
160,1,1,False,5,0,2,False,3,1,1,False,5,0,1,False,4
161,0,0,True,5,0,1,False,4,0,0,True,5,0,0,True,5
162,1,1,False,5,0,1,False,4,0,1,False,4,0,1,False,4
163,0,1,False,4,0,5,False,0,0,1,False,4,0,1,False,4
164,0,1,False,4,0,1,False,4,0,1,False,4,0,1,False,4
165,0,0,True,5,0,2,False,3,0,0,True,5,0,1,False,4
166,0,1,False,4,0,1,False,4,0,1,False,4,0,1,False,4
167,1,1,False,5,0,2,False,3,1,1,False,5,1,1,False,5
168,0,1,False,4,0,2,False,3,0,1,False,4,0,2,False,3
169,1,1,False,5,0,5,False,0,1,1,False,5,0,1,False,4
170,0,0,True,5,0,2,False,3,0,1,False,4,0,1,False,4
171,1,1,False,5,0,2,False,3,1,1,False,5,0,1,False,4
172,0,1,False,4,0,2,False,3,0,1,False,4,0,1,False,4
173,0,0,True,5,0,2,False,3,0,0,True,5,0,1,False,4
174,0,1,False,4,0,1,False,4,0,1,False,4,0,1,False,4
175,0,0,True,5,0,1,False,4,0,0,True,5,0,1,False,4
176,0,0,True,5,0,1,False,4,0,0,True,5,0,0,True,5
177,0,1,False,4,0,5,False,0,0,1,False,4,0,1,False,4
178,0,1,False,4,0,3,False,2,0,1,False,4,0,2,False,3
179,0,0,True,5,0,2,False,3,0,0,True,5,0,1,False,4
180,0,1,False,4,0,5,False,0,0,1,False,4,0,5,False,0
181,2,1,False,6,0,2,False,3,2,1,False,6,0,1,False,4
182,0,0,True,5,0,3,False,2,0,0,True,5,0,1,True,4
183,0,1,False,4,0,1,False,4,0,1,False,4,0,1,False,4
184,0,0,True,5,0,2,False,3,0,0,True,5,0,0,True,5
185,0,1,False,4,0,5,False,0,0,1,False,4,0,5,False,0
186,1,1,False,5,0,5,False,0,1,1,False,5,0,1,False,4
187,0,1,False,4,0,3,False,2,0,1,False,4,0,2,False,3
188,1,0,True,6,0,1,False,4,1,0,True,6,0,0,True,5
189,0,0,True,5,0,5,False,0,0,0,True,5,0,1,False,4
190,0,2,False,3,0,5,False,0,0,2,False,3,0,5,False,0
191,0,1,False,4,0,2,False,3,0,1,False,4,0,2,False,3
192,0,1,False,4,0,1,False,4,0,1,False,4,0,1,False,4
193,0,1,False,4,0,3,False,2,0,1,False,4,0,1,False,4
194,0,1,False,4,0,2,False,3,0,1,False,4,0,3,False,2
195,0,1,False,4,0,2,False,3,0,1,False,4,0,1,False,4
196,1,0,True,6,0,2,False,3,1,0,True,6,0,1,False,4
197,1,0,True,6,0,2,False,3,1,0,True,6,0,1,False,4
198,1,0,True,6,0,1,True,4,2,0,True,7,0,0,True,5
199,0,0,True,5,0,1,False,4,0,0,True,5,0,0,True,5
