vendor,rate,turnover,gross_sharpe,net_sharpe,true_ic,kind
vendor_00,1.0,128.69501131431974,1.304417331207177,0.17174888443615932,0.03,REAL
vendor_00,0.5,75.96034689620754,1.1587901571549963,0.523799908577347,0.03,REAL
vendor_00,0.3,52.575464452983766,1.0674721384896153,0.6232993619343347,0.03,REAL
vendor_00,0.2,40.36749993443706,1.0027200999101684,0.6592123858158434,0.03,REAL
vendor_00,0.1,27.02409794221679,0.8210024443353804,0.5882528886854705,0.03,REAL
vendor_00,0.05,19.107194263134957,0.533813849642083,0.36594108830139016,0.03,REAL
vendor_00,0.02,12.20193414029269,0.13135559339198682,0.021321997755312367,0.03,REAL
vendor_01,1.0,140.26824688466024,1.8877095271831503,0.6390248423508162,0.025,REAL
vendor_01,0.5,84.79745566049267,2.005114686830989,1.3129696898616825,0.025,REAL
vendor_01,0.3,59.10349262255281,1.9967024616125193,1.5149641838006047,0.025,REAL
vendor_01,0.2,45.536176919216416,1.939069644604861,1.5674605554387886,0.025,REAL
vendor_01,0.1,30.1596359591162,1.7307539183509177,1.4814117247581575,0.025,REAL
vendor_01,0.05,20.69664193403013,1.4434992688593216,1.2684282596371346,0.025,REAL
vendor_01,0.02,12.99723829818216,1.1515084170268786,1.0371226963711504,0.025,REAL
vendor_02,1.0,132.69083235652343,1.4604501022240661,0.2823303570731155,0.02,REAL
vendor_02,0.5,81.51868884404651,1.4034945747246896,0.7305206274355139,0.02,REAL
vendor_02,0.3,56.985305834445334,1.284680181795151,0.8080728596767325,0.02,REAL
vendor_02,0.2,44.01681581301202,1.14443532521121,0.7737096296900504,0.02,REAL
vendor_02,0.1,29.44175865097534,0.993844822800105,0.7437630891820455,0.02,REAL
vendor_02,0.05,20.0794825520527,0.9265384222064605,0.7539434889563821,0.02,REAL
vendor_02,0.02,12.107913384899593,0.7599031039819869,0.6537098617103836,0.02,REAL
vendor_03,1.0,150.37277432474357,1.0244894962575666,-0.3738466277091108,0.015,REAL
vendor_03,0.5,93.80085737074577,1.0806977300023115,0.2981561522313167,0.015,REAL
vendor_03,0.3,66.20346943624622,1.0389486641383132,0.48434608232951865,0.015,REAL
vendor_03,0.2,51.27052431408197,1.013469141129999,0.5789130351263844,0.015,REAL
vendor_03,0.1,34.04896534991013,1.001635167135082,0.7040304650349964,0.015,REAL
vendor_03,0.05,23.09567490732969,0.983317796143222,0.774407362893149,0.015,REAL
vendor_03,0.02,13.58535085330138,0.7748439808107191,0.6492484732809248,0.015,REAL
vendor_04,1.0,147.44618441583717,0.7136697074841205,-0.6918395649417908,0.01,REAL
vendor_04,0.5,90.07940014959826,0.5730370256243742,-0.20462290098964867,0.01,REAL
vendor_04,0.3,62.872464657565466,0.40300470952586637,-0.13960922294333686,0.01,REAL
vendor_04,0.2,48.34279526832135,0.2685138756364379,-0.1482850853287758,0.01,REAL
vendor_04,0.1,31.638588566123325,0.08624887495461629,-0.18605185765727397,0.01,REAL
vendor_04,0.05,21.055017303427473,-0.05471408913998716,-0.23872323897825815,0.01,REAL
vendor_04,0.02,12.38705813548616,-0.41042990383929967,-0.5224837111537597,0.01,REAL
vendor_05,1.0,141.4259631919485,0.47656093630350566,-0.8085150056440663,0.0,fake
vendor_05,0.5,86.88671352307276,0.39981322281085463,-0.3246921236561872,0.0,fake
vendor_05,0.3,60.956067928080905,0.3736452485014595,-0.13758994216057072,0.0,fake
vendor_05,0.2,47.15838345320211,0.34767802416589455,-0.05170905446241001,0.0,fake
vendor_05,0.1,31.300307982956078,0.2237036864230905,-0.047442419396862306,0.0,fake
vendor_05,0.05,21.24073722055076,0.06940265204758962,-0.11827194898245817,0.0,fake
vendor_05,0.02,12.982807225130937,0.07058108164228744,-0.04472841794962308,0.0,fake
vendor_06,1.0,106.24186500583149,2.193252418853681,1.2778462840580542,0.0,fake
vendor_06,0.5,67.45730609168622,2.113870612577766,1.567370562979445,0.0,fake
vendor_06,0.3,47.87680318163416,1.989874658161459,1.5992438605506236,0.0,fake
vendor_06,0.2,37.20085250421914,1.8590024988404226,1.5536565257444515,0.0,fake
vendor_06,0.1,25.313293786150542,1.6238307969741705,1.4131166475002443,0.0,fake
vendor_06,0.05,17.878743490415495,1.2481223011607612,1.0965699962094966,0.0,fake
vendor_06,0.02,11.479422430905155,0.7130499753620106,0.6156039148079276,0.0,fake
vendor_07,1.0,142.03447243325402,-0.20451167160868614,-1.5287662856497437,0.0,fake
vendor_07,0.5,88.86018663640479,-0.09832161997542815,-0.8560416364069765,0.0,fake
vendor_07,0.3,63.040534684488364,0.14015383449479507,-0.40002235501478406,0.0,fake
vendor_07,0.2,48.82223177692397,0.3672272489736066,-0.05245030625131698,0.0,fake
vendor_07,0.1,32.140241932062,0.6037217810578607,0.326872123409117,0.0,fake
vendor_07,0.05,21.531255320140847,0.6834418311380441,0.49613947182682727,0.0,fake
vendor_07,0.02,12.642254214440207,0.9000366720443054,0.7890330832132748,0.0,fake
vendor_08,1.0,131.11695243147315,1.8260405214667506,0.6392494177274713,0.0,fake
vendor_08,0.5,82.28629645958873,1.8790484784362804,1.1915070816881053,0.0,fake
vendor_08,0.3,58.158030782321546,1.9025856707144393,1.4131608193973808,0.0,fake
vendor_08,0.2,45.162497629295416,1.8911545081271905,1.5108105688806932,0.0,fake
vendor_08,0.1,30.49079968955689,1.9229840660455955,1.666800120886286,0.0,fake
vendor_08,0.05,21.267729906298793,1.946061503727195,1.7656182585317566,0.0,fake
vendor_08,0.02,13.461565176878889,1.5643633858937829,1.4471116055100723,0.0,fake
vendor_09,1.0,142.51522652639935,-1.2288550832116318,-2.5425133630229437,0.0,fake
vendor_09,0.5,87.97252829468442,-1.2127239221777162,-1.9596598127195906,0.0,fake
vendor_09,0.3,61.82003813526433,-1.1134933313512605,-1.6429038146654253,0.0,fake
vendor_09,0.2,47.674377493793216,-1.0187485669982759,-1.429239536577398,0.0,fake
vendor_09,0.1,31.644673489159903,-0.8448108488160868,-1.119837068403694,0.0,fake
vendor_09,0.05,21.642147177935687,-0.7575103817518417,-0.9490192651578407,0.0,fake
vendor_09,0.02,13.32636928766458,-0.7571282585407223,-0.8783274573492507,0.0,fake
vendor_10,1.0,142.7826474184065,1.9526464508256314,0.6463617534952393,0.0,fake
vendor_10,0.5,88.31367546430714,1.7895312930761038,1.0523641024737656,0.0,fake
vendor_10,0.3,62.04401488531145,1.6703262013465827,1.1504168413396285,0.0,fake
vendor_10,0.2,47.693080251276044,1.5742610090610973,1.1732684020528554,0.0,fake
vendor_10,0.1,31.054190377660355,1.3758660079918752,1.1127857830547392,0.0,fake
vendor_10,0.05,20.9837616591954,1.1376728570427914,0.9563942779943352,0.0,fake
vendor_10,0.02,12.972025958383204,0.8256895273682574,0.7108039848778006,0.0,fake
vendor_11,1.0,143.147797925175,-0.029688816053356732,-1.3160466634995909,0.0,fake
vendor_11,0.5,88.37714694845435,0.03116969784142529,-0.6971149299077424,0.0,fake
vendor_11,0.3,62.05063412176702,-0.0038535191360206623,-0.5165081324225808,0.0,fake
vendor_11,0.2,47.681520889206325,-0.11293724910193961,-0.5085123442352495,0.0,fake
vendor_11,0.1,30.913268697706737,-0.38241718586820334,-0.6415863722923125,0.0,fake
vendor_11,0.05,20.578772332006054,-0.5813610785854464,-0.7561187657987936,0.0,fake
vendor_11,0.02,12.367266995955175,-0.656840281619679,-0.7650754558543504,0.0,fake
vendor_12,1.0,143.14988440395527,-0.09530836487551547,-1.4068055618566413,0.0,fake
vendor_12,0.5,89.11454466235008,0.03403121074195535,-0.705675414849543,0.0,fake
vendor_12,0.3,62.90167401012438,0.1532504563308196,-0.36975636215053087,0.0,fake
vendor_12,0.2,48.77363042302314,0.19572381984703952,-0.21152029350048915,0.0,fake
vendor_12,0.1,32.650048390270996,0.14378573325336244,-0.13399143319379772,0.0,fake
vendor_12,0.05,22.51467957497896,0.10270824766411238,-0.09487917832741682,0.0,fake
vendor_12,0.02,14.02006955489907,0.051058613333450555,-0.07932215775428232,0.0,fake
vendor_13,1.0,145.26480397314918,0.5133114976749907,-0.8693966506899539,0.0,fake
vendor_13,0.5,90.98964277085578,0.5333107188065146,-0.2561001010729216,0.0,fake
vendor_13,0.3,64.5500355498927,0.4793921905757888,-0.08340984736042385,0.0,fake
vendor_13,0.2,50.17439072921815,0.4214036308433179,-0.016434087430461073,0.0,fake
vendor_13,0.1,33.398521521241825,0.31240921248196946,0.01934367254683817,0.0,fake
vendor_13,0.05,22.81323062587941,0.21041522674258045,0.0057640100264080545,0.0,fake
vendor_13,0.02,14.472238843140019,0.05809361023072464,-0.07525114355238753,0.0,fake
vendor_14,1.0,141.5371074154544,-0.46068815403506386,-1.773191619705554,0.0,fake
vendor_14,0.5,88.05185772848601,-0.19141832760888758,-0.9401564309381996,0.0,fake
vendor_14,0.3,62.20472882165496,-0.07277171484366766,-0.6053026952033942,0.0,fake
vendor_14,0.2,48.169920368213596,-0.06354731624194258,-0.4775960165613057,0.0,fake
vendor_14,0.1,31.780053039470406,-0.179140552559362,-0.45426285351287693,0.0,fake
vendor_14,0.05,21.467099873680315,-0.24091517946054397,-0.4291033905400517,0.0,fake
vendor_14,0.02,12.837157869569703,-0.16389669368310641,-0.2778927291601236,0.0,fake
vendor_15,1.0,144.52567665110809,0.18759354023701352,-1.1497555121395238,0.0,fake
vendor_15,0.5,90.05447555758813,0.13041003144855087,-0.6339061099694088,0.0,fake
vendor_15,0.3,63.29619047790045,0.06169199935855319,-0.4779769218812142,0.0,fake
vendor_15,0.2,48.86885213838629,0.046785164440033035,-0.3711080398387423,0.0,fake
vendor_15,0.1,32.21080969525099,0.17450510029330757,-0.10456296101708445,0.0,fake
vendor_15,0.05,21.971433520145474,0.4026671384815389,0.20693984295941784,0.0,fake
vendor_15,0.02,13.632245487185301,0.8123283137455215,0.6852910187532815,0.0,fake
vendor_16,1.0,141.8022417597567,1.6541996526855431,0.34667468955759695,0.0,fake
vendor_16,0.5,88.19778229226931,1.443529640697055,0.7135415851867969,0.0,fake
vendor_16,0.3,62.21053722522325,1.3243736062505365,0.8085426886312798,0.0,fake
vendor_16,0.2,48.11679024664618,1.236107838984307,0.8355056327704269,0.0,fake
vendor_16,0.1,31.950233871930347,1.0791635220710183,0.8076460841519714,0.0,fake
vendor_16,0.05,22.02001512070596,0.9539324154481847,0.7587223997048127,0.0,fake
vendor_16,0.02,13.842671576112886,1.0083704013051138,0.8806472557878541,0.0,fake
vendor_17,1.0,144.26115454173132,-0.25507954252245335,-1.5622563463602337,0.0,fake
vendor_17,0.5,88.93707773867591,-0.2839073804163692,-1.030005438105291,0.0,fake
vendor_17,0.3,62.683021382494104,-0.26362466796851025,-0.7958715890459666,0.0,fake
vendor_17,0.2,48.2922703993292,-0.23294276204428432,-0.645676175239471,0.0,fake
vendor_17,0.1,31.38672941629037,-0.2449160208108819,-0.5166056623394801,0.0,fake
vendor_17,0.05,20.890428281187976,-0.33014870961910364,-0.5160626411513535,0.0,fake
vendor_17,0.02,12.588300258988912,-0.40096044988607704,-0.51636167646041,0.0,fake
vendor_18,1.0,144.9097906305288,0.005897185514194272,-1.3270421361310563,0.0,fake
vendor_18,0.5,90.62094949775609,-0.11330018651808178,-0.872428213500583,0.0,fake
vendor_18,0.3,63.93384884334399,-0.177618010617565,-0.7204899079377486,0.0,fake
vendor_18,0.2,49.39161401318863,-0.191416457973769,-0.6161951715487289,0.0,fake
vendor_18,0.1,32.37218828833209,-0.17116180597211364,-0.4556287890056295,0.0,fake
vendor_18,0.05,21.713292671416525,-0.054811007298605365,-0.2496079989578961,0.0,fake
vendor_18,0.02,13.279819398999171,-0.03982098061101922,-0.16112209469193484,0.0,fake
vendor_19,1.0,107.35558195574957,2.2917121224096517,1.3801023661957705,0.0,fake
vendor_19,0.5,68.8616613392944,2.0788150835982235,1.5401453390717958,0.0,fake
vendor_19,0.3,48.68547946879257,1.8656667835546323,1.4840360592115664,0.0,fake
vendor_19,0.2,37.82680643844446,1.6877862569979345,1.3918051873547213,0.0,fake
vendor_19,0.1,25.809922726735802,1.5630348092432238,1.3606247138529215,0.0,fake
vendor_19,0.05,18.110973424507932,1.3668508387067417,1.221134190144912,0.0,fake
vendor_19,0.02,11.43801785789156,0.9561931241510974,0.8599756864048063,0.0,fake
vendor_20,1.0,143.44720509428691,-0.5207896896542097,-1.8424165815753881,0.0,fake
vendor_20,0.5,89.34992578933227,-0.3474289315169075,-1.0994987802613385,0.0,fake
vendor_20,0.3,63.30138557815691,-0.24134373615332289,-0.7765558617780178,0.0,fake
vendor_20,0.2,48.97790809082365,-0.16312460204447893,-0.5803377180045821,0.0,fake
vendor_20,0.1,31.922894011805276,-0.06257906309123616,-0.34123529711577816,0.0,fake
vendor_20,0.05,20.89691419817057,-0.11112650778607366,-0.29689655121813063,0.0,fake
vendor_20,0.02,11.99843268975726,-0.045459461891088314,-0.1528639417556162,0.0,fake
vendor_21,1.0,130.24486876720422,1.460561909144014,0.3044282414077531,0.0,fake
vendor_21,0.5,83.24838548503784,1.352898795464557,0.6882078366311845,0.0,fake
vendor_21,0.3,59.11134861975524,1.235151230352273,0.760575750412179,0.0,fake
vendor_21,0.2,45.86338036636955,1.1176235087492958,0.7474507671089516,0.0,fake
vendor_21,0.1,30.620509742304183,0.8694641003659391,0.6183957535992962,0.0,fake
vendor_21,0.05,20.783205773361466,0.6317620872290229,0.45715166927483447,0.0,fake
vendor_21,0.02,12.140084075470813,0.3582344581416985,0.2533429006725712,0.0,fake
vendor_22,1.0,141.21095329548996,2.0434568136684046,0.7306170427235508,0.0,fake
vendor_22,0.5,87.99895204488861,1.4678009260293317,0.7293922793274915,0.0,fake
vendor_22,0.3,62.140482288843074,1.0700005845426557,0.5417566955389737,0.0,fake
vendor_22,0.2,48.3002455753007,0.7924773776065833,0.3751104800073564,0.0,fake
vendor_22,0.1,32.42586966961986,0.44006792989768045,0.15122634517014147,0.0,fake
vendor_22,0.05,22.43060306747959,0.11907152427116141,-0.08712381472910469,0.0,fake
vendor_22,0.02,13.9308745555362,-0.10752695961247724,-0.24013166723269536,0.0,fake
vendor_23,1.0,143.18930729976827,-0.35933316324079057,-1.6931049966578393,0.0,fake
vendor_23,0.5,89.10069663630516,-0.27044827010498196,-1.0277849568863398,0.0,fake
vendor_23,0.3,62.98072574022563,-0.2992011296679491,-0.8321973372977689,0.0,fake
vendor_23,0.2,48.76645348717051,-0.3193133566059913,-0.7306971190345714,0.0,fake
vendor_23,0.1,32.364181820757636,-0.2102590048290992,-0.48553279267759347,0.0,fake
vendor_23,0.05,22.052664474639343,-0.01435557632712936,-0.20723666838841948,0.0,fake
vendor_23,0.02,13.273245911892749,0.15296760018031613,0.03287353185030914,0.0,fake
vendor_24,1.0,143.10637103713566,-0.5699498674277497,-1.9332397923571891,0.0,fake
vendor_24,0.5,88.49672330072804,-0.30851691198364534,-1.0910600203230916,0.0,fake
vendor_24,0.3,62.27871297312828,-0.0501663414017725,-0.6060754251392894,0.0,fake
vendor_24,0.2,48.0520304200973,0.15855193889765917,-0.27175057157916493,0.0,fake
vendor_24,0.1,31.39365442239484,0.4672843212962003,0.1852550443437111,0.0,fake
vendor_24,0.05,20.89898165219616,0.6334696857499127,0.444767461349134,0.0,fake
vendor_24,0.02,12.513304866525317,0.641089280877679,0.5277280253034174,0.0,fake
vendor_25,1.0,107.9712496146477,1.5676906943516387,0.648801882481234,0.0,fake
vendor_25,0.5,69.11204049098731,1.3182832363246553,0.7753575237116499,0.0,fake
vendor_25,0.3,48.918294976074286,1.2100369640165198,0.8262391413738751,0.0,fake
vendor_25,0.2,38.14403569502446,1.1885733299798817,0.8885968210044116,0.0,fake
vendor_25,0.1,26.059059875767378,1.2859604689046658,1.0786754418806543,0.0,fake
vendor_25,0.05,18.20424890711328,1.2199616094729142,1.072202303896408,0.0,fake
vendor_25,0.02,11.64874860338275,1.079694763860017,0.9820343792439531,0.0,fake
vendor_26,1.0,143.526616023365,-0.7629049682777181,-2.071581625173022,0.0,fake
vendor_26,0.5,89.86988224043921,-0.66012705735994,-1.413388373611137,0.0,fake
vendor_26,0.3,63.67797023680466,-0.4858280768203771,-1.0254788033511382,0.0,fake
vendor_26,0.2,49.3696524684777,-0.3264356769347006,-0.7470147681186275,0.0,fake
vendor_26,0.1,32.63794484388988,-0.192870862215576,-0.4749606585195467,0.0,fake
vendor_26,0.05,22.079290833064437,-0.21205090206074467,-0.4087503904876018,0.0,fake
vendor_26,0.02,13.077770588439433,-0.3625267562895528,-0.48078413796407593,0.0,fake
vendor_27,1.0,142.49810657956033,0.3578627480980496,-0.9532954907332448,0.0,fake
vendor_27,0.5,88.18211589042656,0.3577454166417706,-0.3845930284863391,0.0,fake
vendor_27,0.3,62.256479683445114,0.3762344106648881,-0.15209302498164248,0.0,fake
vendor_27,0.2,48.299539578497665,0.4293901400975261,0.01659097841205151,0.0,fake
vendor_27,0.1,32.1574794120799,0.4896486022010383,0.2100972107767676,0.0,fake
vendor_27,0.05,22.1035308132441,0.36047890472151967,0.16216267872591122,0.0,fake
vendor_27,0.02,13.79995681123217,0.012758137831610334,-0.11422371908924327,0.0,fake
vendor_28,1.0,143.12120013200672,0.05722302682439689,-1.3136973767954117,0.0,fake
vendor_28,0.5,89.10286418483194,-0.09148734907780383,-0.8740085962811384,0.0,fake
vendor_28,0.3,63.013140340798756,-0.29376427580856135,-0.8439776657327711,0.0,fake
vendor_28,0.2,48.799658765784166,-0.41184992660664754,-0.8354924624853551,0.0,fake
vendor_28,0.1,31.960813104426297,-0.519473825262948,-0.7975514751312708,0.0,fake
vendor_28,0.05,20.79504116268724,-0.5607444389536578,-0.7442937548459984,0.0,fake
vendor_28,0.02,11.309728639483799,-0.43793769955319056,-0.5386793027378476,0.0,fake
vendor_29,1.0,145.10794636178795,-0.2514072324186612,-1.5896548337390213,0.0,fake
vendor_29,0.5,90.6527209038744,-0.2673789667679651,-1.0350271275894851,0.0,fake
vendor_29,0.3,63.96091524056549,-0.28810143272487665,-0.837143329237509,0.0,fake
vendor_29,0.2,49.424325993617174,-0.34364419899021453,-0.772257317669871,0.0,fake
vendor_29,0.1,32.77079571198437,-0.4856505908055578,-0.7729923323840319,0.0,fake
vendor_29,0.05,22.408617865443677,-0.6153229757352063,-0.814926109203148,0.0,fake
vendor_29,0.02,13.36640098804989,-0.7900816533805018,-0.9112224742242632,0.0,fake
